Simフリーにしてインドネシアの通信会社のSimカードを挿して使ってたSH-06E、USBケーブルがきちんと入らなくなってたので見てもらうと、何かが挟まってるらしい。でも何をやっても取れない。結局、預かり修理に…	0	
レンジが壊れた...予想外の出費だ、パナソニックパニックですわ(´･_･`)	0	
シャープのアンドロイドクソ遅スマホ略してアクオスをシャープ本社に投げ捨てに行きたい。	0	
10/28頃から、SMSとキャリアメールが遅れたり、自動受信しなくなった。アプリは最新状態やし電源ON/OFFも試した。改善されない。現在はGmailの同期までエラー。確か10/29発売のXperia Z5機種変クーポンが届いてたな。仕組まれてんのか。auこわい。(修理いけよ)	0	
曜日ダンジョン潜ってたら落ちたんだけどXPERIAって化石？	0	
どんなに設定にこだわってもスリープ状態でガンガンバッテリーが減っていくXPERIAタブレット。一方、スリープのまま使わなければ実はほっといても意外とバッテリーが持続するiPad。この差はOS？ USBで給電しながら動画を見ると「バッテリー消費の方が大きい」と出る #XPERIA	0	
シャープが今まで社員に高い給料を払い続け、リストラしなかったツケだ。#報道ステーション	0	
Xperia Z5ですが、夕方になって電池が一気になくなってきて何事？と思ったら、「Google Play開発者サービス」が18%も喰ってる…	0	
って事はパナソニック、同性愛者おるんか。きも！	0	
加えて昨日は結婚10周年。10年分の写真(選抜)を使って作った、家族4人の写真が浮き出るフォトモザイクを妻にあげた。妻には感謝されたがクリエイティブ的にやや不満が残る。A2サイズ印刷とパウチをビジネスコンビニでしたのだが仕上がり確認できなかったので色みが悪い。別の機会に再挑戦かな	0	
Android の問題か、Xperia 特有かよくわかんないけど、先月からちょくちょく Google カレンダーが表示されなくなる。色々試したが再インストールが確実、って使い物にならんわ！	0	
ココロボさん、充電台を自分で蹴散らした挙げ句、帰れないって泣き言言うなやー	0	
スマホ買換え、トルクにするかシャープのにするか迷い中。外仕事なんで実用性考えたらトルク一択なんだけど、これまでの所２台続けてシャープ使ってるから愛着はあるんだよな。ただシャープの夏モデルは画面大きくなった分ガワが弱そうなんで、割とよく落とす俺には向かないかも。	0	
xperia z1fをlolipopにアプデするだけのはずが、macのbootcampを再構築するまでに至ってるのは何故だ	0	
アクオスフォンロングノーツ勝手に切れる仕様ということを知り、デレステでフルコン出来ない理由を悟る #premier12	0	
なぜかおすすめユーザーにパナソニックがあげられてるんだけどなんでなんだ	0	
Xperiaはデレステに向いてないっていう悲しい結論に至った…ｗｗ連打音んんんんんん!!	0	
iPhone6s買って1ヶ月未満で画面割れた	0	
「やべっ、寝てる間にXPERIA充電し忘れた」➡「モバイルチャージャー会社に持ってって充電しよう」➡繋ぐ➡「お、おま、これっ壊れてんじゃねーか！」➡残充電値40%⬅ｲﾏｺｺ	0	
セブンのコピー機エラー出てたからまた明日にする……	0	
SHARP、逝く	0	
身分証明が必要と言わたのでセブンイレブンに行って保険証をPDFに落としこんで送ったのに、運転免許やパスポート、住基カード、公共料金の写しのいずれかも要るって…最初から言ってよ！二度手間だよ！	0	
偶発債務の話今知ったわ  シャープめちゃめちゃ恥ずかしくないこれ	0	
新しいZ5CにGoogleアカウントを設定したら、モニターで借りていたSB版Z5のSBアプリのうち、Playストアで提供されてるやつが、勝手にインストールされだし、慌てて止めた。 キャリアアプリは自動復元の対象にするなや。  #Xperiaアンバサダー	0	
シャープ製品の価値が下がりそうでやだなぁ。ブランド、ロゴ、プラズマクラスターはどうなるんやろ。入社してたらと思うと....外資になったら社員どうなるんやろ	0	
XperiaZ1(Android)とiPad2(ios9.1)を並べてたら、iPadはツイート通知がどんどん入ってくるけど、Xperiaはこの時間帯ほとんど通知漏れしてる。iOSの通知機能、アプデて変わったのかな？前は20件アッパーだと思ったけど。	0	
【ゆるぼ】知人のiPhone6が電源入れると全部のアプリが起動するという事態になっております。対処法や何か情報ご存知でしたらお教えください。	0	
何十年もまともなヒット商品だしてないのに、大企業ですみたいな顔してる起業はみんな内情がヤバいと思ったほうがいいかも。ね、目の付け所がシャープでしょ？	0	
やぱりSHのカメラ（フジ）ダメダメだわ絶対ブレる。	0	
てか、iPhone 5と同じ薄さでXperia出れば良いのに	0	
シャープの偶発債務後出しジャンケンの件を受けて、監査法人の監査がいちだんとメンドクサイものになる予感しかしない。	0	
iPhone6sの人とLINEするの怖なってきた笑もしかしたら自分のLINE 既読せんと読んで 無視されるかも知らんのやで(*´-ω・)…	0	
端末iPhone6だけど、白猫やってると、もっと読み込み速度早くなってほしいと思う	0	
SonyがXperiaで頑張ってるのは認めるけど、Nexusに気持ちが傾くのは、ひとえに「キャリアアップデートがクソだからセキュリティホール抱えたままで使わないとダメ」な現実に対してなんだよなぁ。じゃグローバル版使えよなんだけど、1年使った感想は「プラスエリア…」。	0	
キャンドゥiPhone6plus用保護シート＋ダイソー4.8インチ用保護シートの最強タッグを持ってすればAQUOS PHONEシリーズの暴れ回るタッチパネルの制御も可能に…！	0	
ドコモ夏モデルのXperiaZ4とアクオスがGalaxyS6の真似してキンキラキンにしてて呆れる	0	
報道の通りならシャープがかなりおかしいことしてる	0	
自宅でプレビューしてよし！大丈夫って確認してネットプリントして見たら全然違うやんけ！ってなってまたファイル作り直してコンビニ往復してる。	0	
それにも懲りず、この期に及んで、【多数の先端技術】＆【保守や消耗品などアフターサービスのノウハウ】まで、サムスンに丸ごと提供しようとしていたシャープの学習能力は、皆無と言って良い。	0	
XPERIAとiPhoneを比べたとき、直感的に使いやすいのはiPhone。次はiPhoneに戻すか。	0	
A3の用紙を切らしていたセブンをそれでもわたしは許そう…二枚プリントさせていただいて、一枚はそのまま。もう一枚は製本するんだ〜。読みながらスパークリングワインあけるんだ〜ヽ(；▽；)ノ	0	
企業の将来性と技術や特許の温存よりも「経営陣」は保身を優先したが、早晩、シャープには棘の道がまっている!?	0	
あだぷお面、セブンプリント出来るようにしてほしい	0	
うちのスマホくん、どうやらイヤホン刺した状態だとかろうじて、通話ができるまでの昨日は残っていた、だからといってシャープさんとソフトバンク、お前らは許さない（）	0	
iphone6 ２回目の交換 バックアップデータが見つからぬ	0	
チハ「シャープの海外企業による買収を日本銀行の政策が原因と印象操作した説明をしているね(^_^;)。ズルイね時事放談！｣ #tbs #時事放談	0	
SO-01Dが先週壊れた。スライド戻した時の接触が悪く、画面が砂嵐みたいになる。スライドしたときの接触は大丈夫らしいが、ここ２日間位で砂嵐から戻らなくなる頻度が多くなってきた。今は005SHも持ち歩いて、通話はSO-01D、ネットはテザリング経由で005SHでやってる。	0	
先週 au Xperia z3 ロリ化ならず╮(๑•́ ₃•̀)╭期待してたのに…auさん もう待ちくたびれましたこのやるせない思いを解消するには…auさん マシュマロを投げてくださいそうすればギリの所でもう一度auさんと歩みを共にできるような気がしますｗｗ	0	
iPhone4Sの具合が多発iPhone6に変更中	0	
SHARP製品使用者はホモ。	0	
東芝、シャープ他会社の弱点は、下の者が上に意見を言えない事。役員は社内の声を聞かない事。偉くなると謙虚さがなくなる事。	0	
REGZA全然映らないぞ。SHARP潰れろ。	0	
↓書類が鴻海に見つかり（当たり前）鴻海ガチギレ→買収ストップ ↓ 現在書類を精査中、内容がガチならシャープ倒産&amp;経営陣は逮捕  望まれる今後の展開 経営陣が逮捕されシャープは倒産、産業再生機構に切り売りされる	0	
コピー機で札使えるようになるかコンビニに両替機置いてくれないかな…ブロマイド刷りに行くと毎回小銭足りなくなってレジで両替してもらうのが申し訳なくて……	0	
コンビニでコピー機に1000円つぎ込む悲しさ。課題100枚以上印刷てやば〜〜ぼくちん馬鹿だ〜〜〜(^-^)/	0	
ぐわああああああああああああああああああああああああああああああああああああDACに間違えてルンバのACアダプタを繋いでた（本来１２Vのところ２２．５V)何故か音が出てたんで気づかなかったんだけど、気づいて正しい方に挿し直したら動かないぞｗｗｗｗｗｗｗｗｗｗｗｗｗｗｗｗｗ	0	
最近ツイッターのヘッダーが真っ黒になるの私だけかい？ #iPhone6	0	
予約録画できてなかった番組、チャンネル録画を解除したから遡ることもでけんしなー パナ機めー#24310メモ	0	
iPad Air2 金128GBポチリ。Xperia Tablet Zも使ったけど、やはり電子書籍で漫画読むなら4:3液晶に限るって事でiPad mini 64GBがメインになり、ストレージ残量との戦いにもなってたし、miniは見開きが小さくて…。	0	
ドコモの新機種ラインナップ微妙だなF-04Gが電池持ちよかったらと思うが実使用でF-05Fより20時間も減ってる電池がそれ程良くないギャラS6より悪いF-05FやSH-04Fのが良さげだ	0	
セブンのとうらぶブロマイド……前の方が良かったような……。　あ、物吉くんと後藤くんはプリントしないと！ｗ	0	
急速バッテリーチャージャーでXperiaの充電してるんだけど普通のやつと全然スピード変わらんぞ・・・	0	
Letsnoteは耐衝撃性という外部からの衝撃には強いけど、内部からの出火には勝てない、という。っつか、またかよパナ。	0	
ひええええ画素数が大きくてコンビニではプリントできないとな…	0	
部屋が大荒れしてるので、起動したルンバが床に散らかった服に埋もれて窒息する遊びしてる	0	
自宅のパナ機から残量DRで1時間ですーっと速報助けてメッセージが届いたけども、録画番組の消去も予約番組のレートダウンもリモートコントロールが反応しなくて悩ましい〜〜スマスマ前に帰ればいいのかなチャンネル録画を外部USB-HDDに替えたのに残量増えないのかな#24310メモ	0	
パナソニック製バッテリーパックのリコール、忘れずに、確認しないとな？＞Let's noteの中古が沢山転がっているので。もっとも、うちにあるのは、もっと古いのばかり？？	0	
apple儲の僕。iPhone4,5,6。初代iPad、初代air。すべて発売同時に購入。そんな僕のiPhone6、Wi-Fi拾わない、GPSは常に500mズレる。修理に行くと、保証が3日前に切れてる。でもiPhone7が出たら発売日に買うんやろな。それが信者( ´ ▽ ` )ﾉ	0	
いやーファミマのコピー機遅くて時間かかった～これからいきます。ドーナツいっぱいあるよ	0	
エクスペリアが薄すぎてカバンの中で見失うからパカパカするケース欲しい〜	0	
食洗機、洗わなくなった…オーーイ！！！！パナソニッくっ！！ 電話かけてくるそうだが来ぬ！！腹立たしい！！	0	
iPhone6s plusへの移行作業面倒くせぇ…MVNOへのMNPは明日仕事終わってから行こっとw	0	
役員全員継続・・・というのは経営者のモラルハザード以外の何物でもないし、そんなものに甘んじる経営陣だからこそ現状の #sharp　なのだろうか。堕ちたね。	0	
昨日突然うちのシャープさんが電源入らなくなってご臨終なされたので、スマホ新しくしてきたら普通に電源はいって動いてるんだけど…まぁ、挙動が怪しいから使えないけど	0	
本当にSnapDragon810はすぐカッカするんだよな＞RTSH-03Gにも搭載されていますが、個人的にはカッカしやすいことよりもカメラ機能がクソすぎるというのが…。	0	
シャープのロボフォン、携帯である必要はないのでは。個人的には、ロボットとして売った方が出荷台数増えると思います。  金額が発表されていないので、アレですが、10でも、15でも売れると思いますが、今使っている携帯から、ロボフォンに機種変するのは、ハードル高いでしょう。	0	
本体はもちろん保護ガラス選びも大事だゾ僕のXPERIA Z3の背面に貼ってあるガラスフィルムは丈夫はだからホラ…あれ、ヒビ入ってる…	0	
Xperia Z6でやるべき点カスロム公式サポート割れても操作可能なパネルにスナドラ810の廃止クソプリインストール消すグロ版のロゴと同じ変態Xperiaのデザインの復活よろしくナス！	0	
充電してた、LYNX 3D SH-03Cが、🔥を吹く寸前だったので、危なかった。バッテリーパックが、めっちゃ熱いし膨らんでる昨日は、普通に充電出来たのに。	0	
ロック画面なんで変えられないんですか！怒りますよ！シャープかアンドロイドかDOCOMOを！←	0	
うちのアクオスさんはわりと切れないのだが、こういう時の録画あとにエラーの表示が出て、動かせなくなることもあるから終わるまで不安です。	0	
セブンのコピー機ってnanacoしか使えないんだね	0	
うぐぐキンコーズがダメだったから遅れる。コピー機バグっててどんなサイズも勝手にA3にされるし店員さんが分かりませんねーの対応だけで本当ダメだった。セブンは普通に印刷できたからあそこがおかしいんだよー！	0	
LINE登録した瞬間に電話帳の人全員にLINE始めたよーって情報が強制的に送られるのは、シャープ製スマホ特有の電話帳機能が原因であるらしい。電話帳機能をが購入時の初期設定のままになってると電話帳を使用するアプリを始めたら勝手にそうなっちゃう仕様になってるらしい。	0	
ついさっきインカメでは音ちゃんととれるの発見したものの、アウトカメラではやはりとれずおかしいなあおかしいなあと思って調べてたらカメラの向きでマイク変わるのね、ってかマイク一個じゃないのね…俺のiPhone6のアウトカメラ用マイクはやっぱり死んでいたようです	0	
東芝、シャープ騒動から想像したが、日本企業の状態は一般人が思っている以上に危機的状況なのかもしれない。つくづく許せないのは安倍だ。こんな状況でも景気は回復基調だと言い張る。	0	
ちぇっ。iPhone6じゃないからスタバのTouch使えないじゃん（泣）	0	
グンダリ無駄遣いオジサンも大概だけど、ルンバもひどいwwwwwwwwwww＞RT	0	
あとファミマプリントってマジでなに？SB69でもなんかあったよね？ほんとなんなの？	0	
そしておもむろにリブートがかかるXperia	0	
しかしAQUOSゼータさんがSIM届く前に白猫できない機種になってしまうとは思ってもいなかったぜやべえな運営。なんとかしないとお返事来る方のメルアドに突撃しますよほんと。今日はあいぽんでも落ちたしな……	0	
セブンの印刷も最初考えたが、写真プリントだと、カメラ店の方が綺麗だし、印刷紙も選べる訳ではないので、先ずはカメラ店の写真プリントで品質チェックをしてみよう。	0	
お久しぶりです。スマホは代替機になりました。女子力みなぎるピカピカピンクです。機種は同じSHですが古い型なのでこの文書を打っている今、レスポンスの悪さと自分好みにカスタマイズされていないことに苛立っております。	0	
Xperiaを風呂に持ち込むも、USBカバーがオープンだった	0	
iphone6sのガラスフィルムがヒビいった。今月は出費がイタい。	0	
iPhone6sって画面シールめっちゃ貼りづらくなかった？	0	
今日、藤四郎の家族写真をプリントアウトしようとセブンいったらね、なんと消耗品切れとかでできなくて……すごすご昼飯買って帰りました、どうしよう明日できるかな……	0	
シャープ「債務が残っておるぞよ」	0	
久しぶりにいさご(ルンバ)に出動してもらったら10分くらいで電池切れになって止まってしまった	0	
Xperia音楽アプリがWALKMANじゃなくなってライブラリーがぐちゃぐちゃになってしまったので他の無料アプリ試して見てるけどGoogleミュージックプレーヤーの音があんまりいい音じゃなく聴こえるのはなんかの錯覚か	0	
本当に無意味な契約だったわ。このAQUOSPAD SH-08E。何かする目的もなく、ソッコーで契約した俺が馬鹿だった。連絡用にガラケーがあるからバッテリーを気にせずダラダラ使ってしまう。スマホ一台だと急に連絡取れなくなったらいけないので、弄るのセーブ出来そうだと思う。	0	
今までVictor・JVCのBV-R130U50Wってディスク使ってたんだけど、これは非常に困った…　パナのやつは高いから論外だし、三菱のBD-Rってどうなんだろうな…	0	
そういやSIM制限がかかってDocomo系SIMが使えなくなり売却したLGL22の代替として急きょSH-06Eを導入したのだが、ファームバージョンが最新のためroot化できず格安SIMによるテザリングは不可能でした・・・	0	
朝からおかしい・・Playストアにログインしてるはずなのに認証してくださいって出るし、電話できなくなったりするし、Gmailも使えないし、ハングアウトも・・・色々試してるけどうまくいかない #android  #Xperia #XperiaZ1Compact	0	
うちのルンバもどきは喋るんだけど夜中に何かに反応して突然喋り出すのはほんと怖いからやめてほしい	0	
ルンバのせいで1時間半おきに起床とか、乳飲子並みのスパンじゃねぇの…マヂむり…コンポタのも。。。	0	
哀れなシャープか・・・２度目だろ？学習しろよ！	0	
唯一年賀状プリント出来るのがセブンイレブンだけなのに、そのセブンイレブンでコピー機故障してたら元も子もない。	0	
日本の政府には、潰れかけた企業のトップを強制的に変更するとか、指導する人間をつけるとかそういう強権がないのが問題あればシャープは変わった。これはもう民主主義自体の問題。民が主だから、民の権利をこうしされると、中国に身売りするのもその民の権利となる。＃アホか	0	
印刷のためにわざわざExcelデータをPDFに変えて、データ持ってコンビニ行くの地味にめんどい。寒いし。	0	
どうしてもパナの解像感が嫌いだ←	0	
社内でも同様の傾向があって、ルンバ動作音＋他の人間が会話が重なると、かなり会話が聞こえづらくなるので、結果的に声を張り合わないといけなくなる	0	
シャープが何処に喰われようがこれからの時代にこんな状況であればでは必然。但しこんな問題に、なるまで決断しなかった経営陣はどうにかした方が…しかもまだ社用車？どこにそんな金が…	0	
本当にソフトバンクとシャープの206SH開発者死んでくれ	0	
コンビニ行ってコピーしないといけないんだけどコンビニが遠いので億劫	0	
Xperia Z5 premiumに機種変して、ドコモで専用ブックケース黒を買ったのだけど、これがホコリがついて取れない(T_T) お薦め出来ません。。。	0	
【食洗機への道】続報wお店で外付けを見ました。うちの台所にはパナソニックのプチでもデカい。そしてレギュラーサイズでも普段使用のプレートが入らない。収容数も四人家族だと厳しそうビルトインだなということが見えてきました。	0	
WX-04SHだと、CardBoardアプリも画面が合わなくて駄目だ(´・ω・｀) Nexus5あたりを手に入れたいな	0	
最新グローバルSIMフリーiPhone6もNexus6もAscend-Mate7もBand19(docomoプラチナLTE)に対応してきてるのに最新Xperia-Z3-Compactのグローバルモデル(5803)は非対応だって。。。ふ～んっ!? 誰かが裏で意地悪してたりする?	0	
AQUOS Kがスマホ準拠の料金体系で失望して、DOCOMOからついにガラケー料金のAndroidが出ると思ったら今度はLTEもWi-Fiも非対応だと？なぜ本気を出さんのだろ？	0	
公式アカで思い出したけど私は企業公式ツイッターがジャンルに媚びてる様子が大嫌いなのでシャープやタニタを許しません	0	
セブンのネットプリントしようとしたら、間違えて写真にデータを送っていたらしい・・・。ざんねん！ わたしのぼうけんは ここでおわりのようだ	0	
ぽんこつ代替機のおかげでストレスフルなエブリデーイ★ガラケー時代は一度も浮気しないSH信者だったけど、これは本気で使えないwwwwww前の代替機も紫っぽい変ちくりんな色だったけどこのコガネムシみたいなオレンジほんとやだwwwwww	0	
XperiaのCMだいぶマシにはなったと思うけどまだまだイケてないね…	0	
エヴァのスマホ発表してたのか。あのスペックに8万とか余程のファンじゃないと買わないでしょ。あとまたシャープなのね。	0	
昨日、重い荷物を長時間運んでて今も半ば腕が死んでる状態なんですけど、iPhone6Plusを5分も片手持ちできず「こ、こんなはずではッ…！」というこのショック感。弱体系魔法かけられたモンスターってこんな気持ちなのかな。	0	
妻が使っているSH-90Bの画面が全く映らないトラブル発生。8インチタブレットも使ってるのでLINE利用だけで不便らしい。なのでオイラが通知確認陽に使ってるNE-202を妻に返すのに決定。元々アプリを余り入れてないので環境構築がラクラク。やっぱりフリージャズは素晴らしい。	0	
iPhone6のiTunesのシャッフルの方法が未だにわからん。←	0	
iPhone6+って本当いつもハブなんですよねええ(＾ω＾)(＾ω＾)(＾ω＾)(＾ω＾)(＾ω＾)(＾ω＾)(＾ω＾)(＾ω＾)(＾ω＾)(＾ω＾)(＾ω＾)(＾ω＾)(＾ω＾)(＾ω＾)(＾ω＾)	0	
思ったんだけど、僕docomoのｷﾞｬﾗｸｼ-の端末なんだけど、説明書がXperia対応でさ、、、まず戻るボタンが画面内に無いし、いろいろ説明書通りじゃないんだよね、説明書ちゃんとしてほしい←	0	
テレビもレコーダーもスマホもSHARPの人間にとっては今後どうなるのか気になる	0	
「精神論ベースの経営経営戦略やってコケたところあったな……」って思って0.2秒で思い出した。シャープだ。	0	
半年くらい前ににのうらさんが、パナのレコーダーの無線の設定で戸惑っておられたが、あっしも現在そうなってる。何で繋がらんねん。有線で繋ぐんか、これ？	0	
会社にマイナンバー提出はいいけどコピーとるのにコンビニのコピー機使うのは怖い気がしてきた	0	
さっきルンバが足に体当たりしてきたんだけど、足の指食いちぎられたかと思うくらい痛かった	0	
パナソニックの「家事の負担がこたえるようになってきた」っていうcm、奥さんを思いやるいい旦那さんと誰もに訪れる老いをテーマにしてるはずなのに住んでる家海沿いとかが豪華すぎて共感できない。	0	
ドコモの今回の冬モデルは買う必要無いわSOは爆熱だって言うしSHは700MHz使えないし	0	
パナソニック・東芝 ノートPCから発火のおそれ 約11万個の交換・回収を発表（レスキューナウニュース） - Yahoo!ニュース 20160128-00000005-rescuenow-sociうちもじゃん	0	
次々とクソが発売されるから見送りまくるXperia信者のクズ	0	
家で慌ててパソコンからUSBメモリに写真を幾つか放り込んで、コンビニ行ったら何故かファイルが開かず？で、プリントアウト出来ないまま敢え無く撃沈…orz  金曜までにプリントアウトしなきゃいけないのに、どうしたもんだか…˚‧º·(˚ ˃̣̣̥᷄⌓˂̣̣̥᷅ )‧º·˚	0	
Pの部屋で稼動してるルンバ（もらい物）を見て、部屋の隅まで掃除できてない！自分ならもっと綺麗に掃除できるのに…！！！とルンバに嫉妬する道流	0	
シャープ応援してるのに、よく考えたら三菱東京ＵＦＪ銀行に定期持ってるわΣ（ﾟдﾟlll）モルガンスタンレー証券は敵だわ。空売りしまくってシャープ潰そうとしてるし。自分の金で自分の首を絞めてる訳か！？なんで信用売りが増えてんだよ。ふざけんな。シャープ倒産したら何家族路頭に迷うんだよ	0	
SH-03G用のカバーとフィルム買わなきゃ。。。 悲惨、、じゃないや、飛散防止フィルムがついてる機種だって聞くし。 ゴリガラスじゃないから画面傷だらけになるというウワサ。 本当かどうか知らんけど。	0	
ルンバの座礁現場を見た	0	
うちのルンバは激安品だから監視してないとサボるんだよ(´･_･`)	0	
SHARP中村悠一の誕生日祝ってねぇのかよ殺すぞ	0	
F-04GでキレてSO-03GでキレてRX100M2が壊れてα6000が置き引きにあったのでXperia Z4はクソ。	0	
コンビニ3件目、原因不明の印刷擦れ(アウト) #カラーコピーの神様どうか	0	
コンビニで投稿用の鉛筆描きイラストコピーしたら筆圧が弱すぎて濃度マックスでも写らなかった…(ｰｰ;) 苦肉の策で別のコンビニで濃度マックスでやっと見えるくらいにwww これは掲載不採用だな。今度はもっと強く描くかボールペンで描こう。	0	
せっかくファンが頑張ったのに一つのデザインで駄目にするメーカーそれがシャープ流石目の付け所が違うぜ	0	
皆、スマホとかiphonとか使ってるので、ポコも新しいドコモSHのガラケーにしようかと検索したけどデザインがイマイチだな_( ・ω・´)	0	
まさかのコンビニのコピー機壊れてた	0	
仕事柄シャープの情報が嫌でも入ってくる	0	
明日弁当会だよ…と献立に悩みながら夜中に就寝してすぐ、ルンバが俺に充電しろ！俺に充電しろ！！と叫び始めたので本機で窓の外に投げ捨てようかと思った	0	
コンビニのコピー機使おうとしたら壊れた｡･ﾟ･(^o^)･ﾟ･｡	0	
駅前のファミマ、ファミマのくせにファミマプリント出来ないやつや。	0	
F-02GとF-05Fを触ってきた。散々言われつくしてるんだろうけど初めて富士通の機体をいじってみて「なんでこんなにカメラ機能残念なんだよ…」の一言に尽きる。カメラアプリ入れてもISO弄れないとか残念すぎる。アクオスなにがしですら弄れるというのに。	0	
大量にコピーするときは時間かかるので基本、途中でも先にどうぞと譲るのだが、少量のスキャンしてると途中でかわる方が時間かかるし、ちゃっちゃと終わらせるのだが、わりと至近距離な真横でイライラ感を出されながら待たれてて落ち着かなさすぎた…(´Д`；)コンビニ沢山あるのになんで…。	0	
絶対うるせぇだろうなこのココロボ RT	0	
最悪コンビニ行ってコピーできるんだけどと思ったけどできねえ	0	
SH-01Fの音ゲーアプリのタッチレスポンスがゴミすぎて普通に進めるのもままならない	0	
ああああ電池ないなんでXperia	0	
ちょ、コピーできんやん！！！洋服作りたかったのに(´；ω；｀)やっぱコンビニとかは用紙がつまるからって、やらせてくれんもんなーパソコンと印刷機がほしい！！！笑	0	
日立とかパナが値下がり率上位ってマトモな相場じゃないな怖くて買えない	0	
iphone6ほとんど使ってなかったのに電池の消費がXperia z3より圧倒的に早い...なぜだ	0	
(だらだらとつづいてすいません) 店員は掃除を始めていたけど中断してもらって　コピーしたけど汚れがひどいぞ　お金返して　他のコンビニにいくから　というと　「できません」というえ? なんで? と再度聞いても「できません」と機械のように繰り返すだけ　なんだよこのみせ　(つづく)	0	
セブン2Lサイズのプリントできなくて一枚プリントするのにコンビニはしごしちゃった(^-^;	0	
しっかしSHARPにしろ東芝にしろなんにしろ、アナログからデジタルへの切り替えと言う大チャンスがあったのになんでこうなったんだろうなぁ。いらんものばっかつけて値段高くして馬鹿みたいなの売ろうとするからああなんだよな。	0	
Foxconn 機密情報ホイホイ情報漏らすし シャープ絶対終わる	0	
マイナ◯バーコピーして提出って多くなりそうだけど、コンビニコピー機ってあとで見れそうじゃない？不安だやいろいろ	0	
xperiaのタブレットは普通に使ってるけど、あれで漫画を読みたいとはさすがに思わない。上下に黒線の隙間が空くのは平気なんだけど、左右に隙間が空くのは苦手のよう。なので、iPadで動画を見るのは何の違和感もないという。まぁたまたまだね。	0	
俺XPERIA Z1だけどスマホは対応してるのにdocomoのアプリとの相性でAndroid5.0にできないとかまじくそお前んとこのアプリとか使わねーよ	0	
元AQUOSユーザーのZ3使いワイ、電池持ちに泣く	0	
そしてエクスペリアＺ４でやったのだが、とてもかくかく。スマホゲーユーザーはこれで満足できるのか・・もぅマヂ無理・・・・・筋トレしょ・・・・・結果にコミットする！	0	
Apple watch は Suica に対応したら検討する。iPhone6 は電子マネーに対応したから採用したが Suica が使えるようにはならず別の端末と２台持ちという残念環境が出来上っているなう。	0	
LGL21→電池切れてるIS15SH→バッテリー50残ってるものの取りこぼしがひどい	0	
ああああもおおお今日駅前の近くのファミマ5軒以上行ったのにでんぱのプリントくじ扱ってるお店が一つもなかった😿😿モーーサイアクだああああ	0	
そういうことはSHARPの株主になってから総会で言えｗ	0	
コンビニでコピーしようと思ったらA4用紙ないって…時間ないのに…いじめ？	0	
ぶつけたり落とした覚えないのにXPERIA Z5のフロント保護ガラスもう欠けてる…。deffのドラゴントレイルXとか意味ないな…Z2とか名もなき海外製で一度も傷付かなかったのに。結構高かったのにやっぱ薄いのはダメなのかなー。	0	
もう2度とあそこのセブンのコピー機は使わない(すごいアレなタイミングで詰まった)	0	
iPhone6インスタ通知出来ない😢タプの通知したいけど出来ない←	0	
2年以上お世話になったXPERIA ULさんと今日でお別れの時がきました。まだまだ使うつもりだったのに、不調が続きギブアップ。ゲーム、SNSの復旧に時間がかかると思われます。Twitter、Facebook、ラインに時間かかりそう・・そんな予感。	0	
#プライムニュース　シャープは未だ契約できるかどうか解らない。以前ホンハイはピンポンダッシュで逃げた過去があるからね。スキヤキに例えると柔らかい美味しい肉だけいただけば春菊やしらたきは捨てられるさ・・	0	
シャープの株価って、2000年から25分の1になってるのなこらあかんわ	0	
復帰してSDカード読み込みなう くそアクオス	0	
BTイヤホンの接続ってこんなにデリケートなのか。シャープSH-07EとソニーMDR-AS800BTの組合せで接続が弱すぎる。スマホをポケットに入れるだけで音切れの上にBT接続が解除される。スマホのほうがアカンのだろうな…。BT電波出力を上げる方法ないだろうか…	0	
エモパーが急にだんまり決め込んだかと思うと、画面暗転してバーンッと出るAQUOSの文字。リセットしおった	0	
こういう時に限ってなんでコンビニコピーのトナーが切れるんだ...。ここの研究会では初めての発表なのにバタバタすぎる。	0	
IIJのプリペイドSIM（nano・MVNO・１年）を、ASUSのタブレットに入れて使い始めて　見ました。　その前に　docomoのiPhone6で試したけどAPN設定が自由効かなくて　IIJmioみたいにはうまくは動作しないようでした。	0	
うちのテレビはシャープの #AQUOS 。昨夜、外付けHDD録画したものを見ていていきなりHDDが接続されていない状態になり見れなくなった。USB指し直してみてもダメ…。テレビとHDDの電源とＵＳＢを抜いてしばらく放置して再接続したら認識するように。昔の粗悪なＰＣと一緒ですね。	0	
スマホ  ソニーからシャープに機種変更した、音量小さくストレスたまる。ドコモは相談にのらず。不良品かも？	0	
だからアメリカや欧州のリスクマネーが1/3程度しかない。東芝、シャープのようなことがメディアで喧伝されればなおさら投資なんてやらなくなるだろうよw	0	
冷蔵庫壊れる。→カスタマーサポートは電話折り返してこない。→キレる。＃パナソニック	0	
シャープ、東芝、ドボン。パソコン、テレビは鬼門かね。	0	
亀裂の入ったiPhone6PLUSを直しに行ったら、24000円位の費用がかかった（涙）	0	
悔しいけどSH-06Eよりあんしんファミリーケータイの方がタッチパネルの精度良いわ…。	0	
Nexus5x軽いなーiPhone6s plusに慣れ始めたせいで相対的にものすごく軽く感じる	0	
包み隠さず洗いざらい出しておかないからこうなる. シャープが悪い. #あしたのコンパス	0	
XPERIAのキャリアロゴいいかげんほろびろ	0	
全ての掃除が終わったところで、満を持して出てくるルンバ( ○▽○)仕事しろよおまえー！	0	
聴いてください…『iPhone6 小指一本で支えるには重すぎて ただでさえ小指にiPhone溝出来てるのに どんどん深みが増して風呂に入ると 若干小指の溝に水溜りができるようになった』―――	0	
XPERIA君、キミはあれかい、マナーモードにしてもアプリとかの音は消えないのかい？それ知らないで大学の図書館でデレステ起動してしまったんだが？	0	
shv32.スライドさせたいだけなのに触るとタッチになるからいろんな人につけんでもいい足跡つけるばかりで作業が進まない……おぃSHARP	0	
シャープ潰れろ #nhk24	0	
設定うまくいかん。はらたつ。あ、iPhone6にしました。設定がおわるまでこっち使います。忙しぃ。	0	
もう疲れた、日田のほとんどのコンビニ行ったんにケータイからのコピーできない(´-ι_-｀)	0	
俺はルンバにイヤホン3本引きちぎられたくらいでわめいていたがこれはひどい…	0	
シャープの話、管理職から給与カットして、給与カットされた管理職が部下の社員にも給与カット強要する仕組み。	0	
ルンバに追っかけられてる…怖い…	0	
とあるコンビニのマルチコピーが故障中でチケットが取れない。全然便利じゃない。	0	
新しいスマホ買おうと思ったけどお目当ての機種が充電台非対応で諦めたちんまいコネクタにケーブル挿して充電って手間掛かり過ぎてなぁ・・・他の家電のACアダプタみたいな単純な端子ならまだ良いけどそうじゃないし・・・シャープさん、次の機種は卓上ホルダ対応してね	0	
今回のシャープに限らず、買収元の企業が買収先の企業に高く売り付けようとするあまり、抱えている問題を正直に申告しないのは往々にしてよくあることである。なので買収先の企業は、デューデリを事前にしっかり行って、問題が潜んでいないことを確認してから買収に踏みきるのが通例となっている。	0	
ホモはうそつき、シャープもうそつきよってシャープはホモ	0	
いつもセブンでpdfだけどめっちゃモアレるな…クリスタのやってみよ	0	
同じ音量での音量の差にびっくりしたわ。audio-technicaさんで聞いてた音量でパナなんとかさん(笑)のヘッドフォンダメだった。全然聞こえなかったもんな。	0	
ついにiPhone6+を手に入れて嬉々として液晶保護シートつけようと思ったら本製品は端末全体を覆う形状ではありませんって書いてあってどの位置で貼り付けても液晶がはみ出るクソ構造だった	0	
シャープって経営が無能って言われてるけど技術も特になんもないし広告戦略が上手かったからソニー、パナ、三菱と並んでるイメージがあるだけじゃね。	0	
Xperia用のマイクでSonyのSTM-10(定価3,800 円＋税)ってやつが有るんだけど、Sonyがすでに生産してなくて日本で購入しようとすると1万円前後するという高騰っぷり。一旦日本を離れて、世界各国のamazonで料金比較中。なんとか安く手に入らないかねぇ。	0	
skyもXperiaも池沼だから	0	
目の付け所がシャープってアレ絶対視野狭いんちゃうん？	0	
シャープの方がヤバいけど東芝もこのまま何年かしたら今のシャープみたいな感じになっちゃうのかな、流石にないか	0	
シャープカスやな	0	
iphone6に変えたんだけど昨日バックアップとったのにいざデータ移すぞーってなったら2014年5月のバックアップデータでマジギレしてる	0	
Panasonicの電気湯沸かし器のおかげでおやすみの午前中が潰れることが多い・・・(*´д`*)〜з	0	
19000円からじゃねえかパナソニックなら値段で勝負してくるかとおもったのにっ	0	
は？シャープ粉飾？	0	
ニコンD5/D500の4K動画の画角が残念すぎるのにEOS80Dは未対応だし、6D MarkIIとかで対応してくるのかな。パナの高いビデオカメラもローリングシャッター現象が酷すぎ	0	
コンビニPDFファイルしかコピー出来ないだとっ！？WordのをPDFファイルに変換って出来るのかな？	0	
シャープ148(-1) 動き悪い。売り禁と増担がキツイな	0	
ツイッターでクソみたいな呟きして販売促進しようという目の付け所は別にシャープじゃなかったんやなｗ悲劇やなｗ	0	
FTAやり始めたが独特なゲームだなぁと。それとは別に頻繁に気になる長さのロードが入るのがどーにも。iPhone6ではスペックが足りないのかな？	0	
ｴｸｽﾍﾟﾘｱちゃんにウォークマンの代わりに音楽入れたのでイヤホンジャックアクセサリーが使えなくなっちゃったんだよね　さよならトキヤ…	0	
ガルフレ音つーか、音ゲーやるのにシャープの糞スマホは不向きすぎだろタッチは無視されるわ、ノーツが一瞬止まって急加速して通過していくわで無理ゲーすぎるこれだから潰れるんだよ	0	
あと、ついっかさんも公式さんも添付の動画見れないのは、うちのスマホさんのせいですね、シャープさん…。	0	
やっぱセブンよりも電気屋のが写真きれいヽ(´･д･｀)ﾉ	0	
シャープのミドルレンジスマホ　楽天限定かよ～量販店で扱えハゲ。	0	
パナソニックのシャワーチェア、ワンタッチレバーのワイヤーが切れた。ちなみに2回目。便利機能は壊れるの典型だなぁ。次はシンプルな方にしよ。	0	
クソサンクス大嫌いだけど一番近いし寒いし眠いしつらいし時間ないし本当に嫌だけどコピーしに行ったら案の定店員ぶち殺す寸前まで追い込まれた。泣きながらセブン行ったらとうらぶハイチュウ入荷してて泣いた	0	
Xperia Transfer Mobile とかいうのを試したが，接続までできるのに肝心のトランスファーするコンテンツの選択画面が一向に出ないので，使えないぞなもし(゜.゜)	0	
携帯壊れた。iPhone62代目死亡のお知らせ。	0	
コンビニに写真のプリントをしに来たけど…途中で用紙が無くなり…店員を呼べと画面に出たから呼んだら、やいのやいのした後でオーナーっぽい人きて、｢俺もやったことないんだよね…｣と不安な言葉を発してかれこれ5分。取り外したトレイが取り付けできない様子…あぁ…トイレに行きたい。	0	
シャープ、いくらオタクに擦り寄ったってそんなネタに群がってくるような連中が株買ったり製品買ってくれたりしないんだからな	0	
そういや、使いにくいながらもちゃんと2年使ったんだなぁiPhone5Androidよりはパッケージとしての完成度が高いからか。最後に使ったガラケーも2年を待たずに201SHに変え、その201SHも故障が頻発したため2年待たずにiPhoneに変えたもんなぁ。	0	
ちょっと気が早いけど、合格した皆さん、生協が売りこんでくる通称「生協パソコン」（パナソニック、レッツノート）は高いし使い辛いから損です。そのお金でもっといいパソコン買えますよん。ご注意を！	0	
30分枠の番組予約したのに1分で番組終了と判断して勝手に切るとかパナソニックがカッコ良すぎて涙が出てきた	0	
SH-08Eってタブレットにしては電池持ちそれほどよろしくない	0	
あー違う置物じゃない。攻撃してくる。から、俺をゴミと認識してるルンバ。形状的にも。	0	
シャープとジャパンディスプレイは共倒れしそうだな。シャープは第10世代の液晶TV製造工場立ててからおかしくなった。町田および片山が今のガタガタのシャープ作ったようなものだ。	0	
まだ隠してるなシャープ	0	
前機種のSH-06Eはタッチ全般が甘かったんですが、LGL24はタッチ全般は問題無さそうで標準キーボードがアカンという結論で問題無さそうです(^o^;せっかく新しく買ったのに改善しなかったらどうしようかと思ってました(^_^;)	0	
E05SHは標準バッテリーが持ちが悪くなってきた感あるんで大容量ので運用中	0	
PanasonicのLOVEサーモとか言うクソ広告がめちゃくちゃ胡散臭くて鬱陶しい   エネループの件以来嫌な企業	0	
PrintSmashに取り込んだPDFをプリントアウトしようとファミマへ行ったらコピー機利用者と利用待ちの人がいたのでそっと店の前を通り過ぎた。PDFプリントは急いでるときにやるもんじゃないな。もう少し余裕を持ってくればよかった。	0	
流石に会社ケータイ3台は持ちすぎなので「どれか1台にしなさい！」って言われたので、上司が勢いで買って文鎮と化したiPhone6sPlusが会社ケータイになったけど、重いから持ち運びに不便で、いつも机の上で震えてる。	0	
SH-06F、SIM刺したとき明らかに電波掴み悪いんだけどDS持って行くの面倒なんだよなぁ	0	
ルンバが思ってたより重い！ダイエットせい！	0	
コンビニのコピー機エラーですぎてやっとコピーおわったなう。笑 ビラを私がもってるとゆう責任感で絶対寝坊できません。絶対そうゆう作戦やみずきのぼけ。ほんまにだれか6時に起こしてください😭😭	0	
だってわしが描くと肩の金の丸い奴がルンバになるんじゃもん!!!!!毛を吸おうとして絡まって壊れたルンバが二つｳｪｰｲwwwwwwwwwwwwww	0	
ルンバめっちゃうるさいってツイートからみりんちゃん見たら吹いた	0	
SHARPひどいねー、経営陣が腐っとる。	0	
エヴァスマホ…スペック微妙すぎないか？デザインも微妙だし…と思ったらシャープか…納得した…	0	
OBも違和感 シャープの台湾への技術流出！！！OBも違和感 シャープの台湾への技術流出！！！OBも違和感 シャープの台湾への技術流出！！！	0	
厚手のケースのせいかエクスペリアZ5の熱がこもりやすく、デレステ等でカク付きが発生しやすくなってる感じがする。カバーを外すと結構動作が安定するから縁のみのケースに変えたほうがいいかもなぁ～・・・	0	
症状再現せずで返却のXperia Z Ultra。順調に症状が進行してきた。これなら再現せずとは言われまい（苦笑）土日はショップも込んでるだろうし、明日一日経過を観察して月曜にでも再度修理にだそう。またiOSに逆戻りかぁ。最近はAndroidの方が快適に感じてるのでツライ。	0	
ローソンで残りの表紙のコピーとろうとしたら紙がきれてたw	0	
ゲーム用モードってあるのかぁ、ウチはアクオスだからな・・・	0	
帝人のファスナーノすごいな~~物作り日本！アイディア力日本！開発力日本！シャープは...心配だな...明らかに知的財産の流失 損失が起こる...	0	
新品シャープガラケーよりも富士通ARROWSのスマホの方が電池持ちがいい事実	0	
パナのキャッチャー防具ってなんで黄色なんでしょうね。そこだけは不満だわ。青でいいやん	0	
MacのRetinaディスプレイと、AQUOSのLC-245Kを横に並べると発色とか色々と差がやばすぎてアカン	0	
セブンのコピー機との戦いに敗北した	0	
（鴻海シャープ買収の件、なぜシャープ経営陣を批判する声があがってこないのかほんと不思議。青い新聞的展開ですな、まったく）	0	
新生活始めるにあたって家具家電を購入する奴が多いけど、AQUOSとかいう産廃テレビ買う奴はアホ(・_・)SONYのブラビア買えや(・_・)	0	
結局コンビニでどーにかコピーしようと試みたけど、端っこ切れてあかんかった_(:3｣∠)_ もーコンビニコピーしない	0	
「※1）製品の保証期間および耐用年数ではありません。取り替え時期の目安です。」って逃げうってるけどさ，3-5年でケーブル交換なら，しょっちゅう抜き差しする機器の使用限度が本体でなくケーブルで律速されちゃうじゃん．そういうことをパナさんは言いたいわけ？	0	
ドラム式洗濯機なんだけどこの3年くらいで既に4回は修理してる気がする。流石目のつけ所がシャープよ。ふざけやがる。もう日立かパナソニックしか買わんぞ。	0	
スクフェス久しぶりにやろうとしたらiPhone6ってこと忘れててデータ無くなってて萎えた	0	
AQUOS SH-03Gの解像度、どうしてドコモのサイトですぐ分かるような所に載ってないんだろう？分かりにくくておこおこぷんぷん！やっぱりquadHGじゃないと後ろめたくて載せないのかね！	0	
iPhone6、ディスプレイにひびが入ってしまったので修理に持ち込んだら本体丸ごと交換と相成った。それはいいのだけど、おかげでとうとうiOS9を使う羽目になってしまった。タスクスイッチ機能が、すごく使いづらくなってんですけども！　どういうこった！	0	
auのXPERIA Z1使ってるけど、ケータイお届けサービス使えないとか…２週間待つか指定されたシャープの端末にするかって何のために毎月補償払ってるのかわかんねー	0	
iOS8 本当に重いOSだなぁ。iPhone6で使ってるけど、すぐ重くなる。体感的には重いという自覚はないんだけど、メモリー解放アプリを見ると、あきらかに空きメモリが少なくなってる。	0	
とも言われています。いずれにせよ、その真意を確かめるべくシャープの経営陣のデスクには、いま鴻海や郭会長の資料が溢れ返っているそうです。そんな資料を読んでも、いまの経営陣では真意など掴めないという話もありますが…。(長くなってすみません！これでも短くしたつもりです。w)	0	
数ヵ月前からバイブなると異音するし、今日ふとみたら、本体底にあるマイク、スピーカー部分のメッシュがずり剥がれてきてたわ。値段によっては修理かけず、機種変だわこりゃ。(現行はau XPERIA1)	0	
smartWatch3をiPhone6SにつないでみたけどイマイチだからやっぱりXperiaZultraに繋げ直し。	0	
デジタルズームだけは、まだ信用しきれない。 #Xperiaアンバサダー	0	
しかし、きょうのSBの新機種発表はソニーとサムスン以外、シャープからしかスマホの新機種発表がなかったことが印象に残る。それも、同じシャープでも他社と比べてものすごく見劣りしてしまう。	0	
wordファイルPDF化してコンビニ印刷したらチェックボックス全部の塗りつぶされる現象に名前を付けたい。	0	
シャープも東芝も使っていたが、合理化を理由に、消費者の方向を向いていない製品を出し始め、また高級路線も馬鹿なスペックの物を出して売れないというのが自分の感じだな。 #tvasahi	0	
３週間前に修理に出した Xperia #ZL2 今日 au から連絡あって「これから修理であと５週間掛かります」とか、舐めてんな。	0	
僕の僕のエクスペリアたんの液晶が逝った……	0	
shカメラが、エラーを起こして、写真が撮れない！さて？スマホ、買い直して1ヶ月経ってないぞ！ヽ(`Д´)ﾉﾌﾟﾝﾌﾟﾝどうした物かな？	0	
SH-06Fの画面割れ修理から戻ってきたけど、GPSの受信がうまくいかない。ONになってるけど、マップやGPSロガーで現在地を検出できない。診断ツールでは問題なしだし。何で？	0	
Xperia Zの内部ストレージからデータ移動させたくてPCに繋いだけど接続してくれなくてぐぬぬとなりました。だったらクラウドでも使って共有するかなと思ったけどそもそもよくわかってなくてうまくできなかった。この世界は奥が深いなあ…	0	
AUの春スマホにシャープがラインナップされてておおっと思ったけどOSが4.4…まだ耐える時間なのか。	0	
東芝とかシャープとか、大企業の経営陣はのんきなもんだね。そりゃ、小規模零細企業の経営者とちがって会社が潰れても、自分や家族が路頭に迷う心配はないだろうからね。会社の借金の保証人になることもないから、連帯補償を求められることもないし。	0	
リーメベルタAndroid版をXperia Arcでプレイすると、影の処理とかが上手く行ってない。あとキラキラ使った時に黒い四角が出る。多分環境依存の問題だろうけど。	0	
アップルおかしい事し過ぎやで次3月18日にiPhone5SE発売ってどうゆうことSEって何？しかもその次iPhone6Cやろおかしいやろはよ7出せや。iPhone2G、3G、3GS、4、4S、5、5S、5C、6、6Sほんで次に出される噂が、5SE、6C、7やろおかしいぞ。	0	
シャープ社長が泣きながら会見して私らが悪いのであって社員は悪くありませんからぁ！って落ち？社員の再雇用を涙乍らに訴える様なそんな玉じゃないわな…	0	
ついに、持っていたAQUOSがエラーでまくりで壊れて、 SH-03Gに買い換えた。っ、ところで、なにやらまた新しいＧＡＭＥに手を出そうとしている私がいる。Ingressを始めたとなると、こう、歩きすぎて痩せたりとかするのですかね？移動時はかかさず、スマホを握り締めてそう！	0	
Xperiaに入ってるWalkmanのホーム画面のねーちゃんの写真を変えることができないのか。	0	
ファミマでは金銭的に持たないのでコピー屋さんへ	0	
寝る前のタブレットとスマホとモバイルルーターの充電忘れてたマン、そいやXperiaZ4って6月中旬発売なのね、買えたらこっちにしたいけど25からの旅行に間に合うかなぁ…今月なんだから具体的な日を知りたーい。アクオスからだから電池の持ちが心配だけどアプリとか入れないし大丈夫かな…？	0	
evoとかいうゴミ携帯修理に出したけど、代用機のIS17SHも結構うんこですね	0	
卑弥呼をディスるネタを描くと、それをコピーしようとしたコンビニが、コピー用紙切れ(在庫発注し忘れ)、次はコピー機故障中、そして更に移動したら今度は一枚目で用紙切れするとか本当なんの呪いかと思ったわ	0	
ぺっとしまむらまでブーツ買いに行ってコンビニでプリントするつもりが交番行くことになるわしまむらにいいブーツなくてアベイルまで行ってもないわコンビニは拡大プリントできへんの知らんかったわでただのサイクリングになった2時間	0	
Skype の Android アプリ、 Xperia 上でノイズキャンセリングイヤホンのノイズキャンセリング用のマイクを通話用のマイクとして認識するのおかしい…	0	
ガイアの夜明けがシャープ特集してた・・・スマホ用4K液晶に賭けているらしい。”ぱっとみ”で人間の網膜の認識レベル以上の解像度はスマホにはいらんと思うｗそれよりも液晶の消費電力をさげてくれ・・・液晶が一番電池食うバッテリーよりもシャープがもたないか(´・ω・`)	0	
なんでiPhone6はTwitter時々落ちるの？と思ったらベータ版iOSなのか……こっちは……	0	
というかiphone6の志緒乃を倒せタグ、見るのめんどくさいしスコアを紙にまとめとこうかな	0	
画面割れたバキバキおもしろ爆笑もう悲しみ通り越して笑えてくる（笑）iPhone62回目（笑）しね（笑）	0	
交換と相成ったiPhone6 Plusだけど、アプリの同期に時間がかかる。MusicフォルダをNASにしたのが要因？MS Office系のファイルが軒並み100MBオーバーなZIPファイルなので、アンチウイルスソフトに引っかかった感じ。	0	
ホンハイはシャープ吸収してホンハイブランドの液晶テレビ出すつもりなんですかねー。日本じゃ売れないだろうけど。	0	
iPhone6sに変えたー前のログインできなくなってもーた。	0	
は？まじか？ジャニーズwestの中間さんも携帯の裏面だけが、バキバキに？ま、真似すんなよー同じXperiaか？何？裏面バキバキ注意報出てたっけ？まじ。こまる	0	
どちらにせよ、シャープ株なんて危ない橋過ぎてギャンブラーでもなければ、買いも売りも出来ないわな。	0	
おはようはまあ百歩譲ってわかるわ。うの発音難しいからな。あといきなり母音で始まるしな。でもココロボ検知しないってどういうことだよ。割りとはっきり言えるやつだろそれ。	0	
ただいまあ…行きつけコンビニのコピー機紙ホントつまる…ダメだ次から替えよう	0	
SB69ほんま判定おかしい……って思ってwikiとか2ch行ってみたら、ぼくの使ってるのアクオスフォン(スペックは十分なのになぜか精度が悪くプレイ推奨機種に入ってないスマホ)でした！！げ、ゲロ吐くわ～～	0	
スマホの熱対策にヒートシンクシート買ってきたけど、SH06Eはこれ背面カバー開かないタイプやった…無理…	0	
&gt;RTソニーはパナソニックの話、昔からでしょ、AV分野では。やらしい言い方するなら『ソニーに開発させて松下がパクる』だからマネシタなんて言われてたわけだし松下の人間も恥ずかしげもなく公言してなかったっけ。いずれにしても規格どおりのものを作れないメーカーの製品なんざノーサンキュー	0	
ﾝーーーーーふじつーの携帯のかめらやだーーー前のSHの子ほんとカメラよかったんだなーって感じだ　色味もピントも全部ひどい　前の携帯より5年も新しいくせに	0	
MAC、ヨガタブ(win)、AQUOSPAD、iPhoneとガジェットが手元にそろった。これで完全にコンプだと思っていた矢先、いろいろ問題がでる。一番はAQUOSの画面半分点滅問題。もうあきらめた。次にヨガタブ。ヨガタブが悪いわけじゃなく、ウィンドウズがタブレットであることが悪。	0	
PCとアクオスを接続してみたがドンピシャの解像度が無くて左右が微妙に余ってて気持ち悪い。	0	
SANYOが死に、東芝が死に、シャープが死ぬ	0	
Xperiaは感度ビンビンだからお風呂じゃ使えないよ	0	
最悪、スマホ落としたらスマホの上部分反応せんくなった。こんなSHARPやわやったっけ…ってかまだこの携帯使ってから二週間やぞ…	0	
今のガラケーはガラパゴスでも何でもない機能や画素数を削ぎ落とした上に薄型化するでも無く緩やかに機能を減らしているだけだ保証適用の度製造中止でSH01CF01CF07Fと持ち替えてきたがUI面機能面共に最初の機種に勝る箇所が一つも存在しなくなっている	0	
たぶんGoogle Nowのアプデと思うが、スマホ(Xperia A)が使用不能になった。操作するたびに強制的に検索が起動して、アプリの操作をことごとく妨害しやがる。操作できたとしてもアプリを強制終了するとは、Googleさんもどんだけえらいんだよ！	0	
iPhone6s ☺️☺️カバーはやく買わないと冷たい((( °_° )))	0	
★Ntt,Doｃomo　LTE.:AQUOS ZETA,携帯電話：シャープ：SH－０１G、充電、何回かやり直し？？ー＞61% -&gt;89%で、止まる！！赤の点滅！！。おかしいのか・・＞＞？？、3回目、赤ー＞青ー＞消灯！！で、１００％Ok!!	0	
事業売却でシャープほど大きくない企業の買収だと簿外債務があるのかないのか、みたいなのは社長とか経理系の幹部しか知らなかったりとかするから、結局は「人物の信用」というのはかなり大きな要素になる	0	
多分、「買ってはいけない」タブレットランキングだったらSH-05Gは間違いなく一位を獲得するでしょう。マシュマロになって、良くなる可能性は「ないです」	0	
大前研一さんはニュース解説で「革新機構は技術流出の懸念を語るが、今のシャープに鴻海以上の技術はない。鴻海は、iphoneも、Xboxも、プレステも、ソフトバンクのペッパー君まで作っているのだから。テリーゴウが欲しいのは、シャープの技術ではなく、ブランドである」と述べてました。	0	
Iphone6 plusってエキスプレス交換してくれないだね･･･	0	
愛用のauケータイW54Sが不調で、引き出しの奥に眠ってたW62SHを緊急登板。カメラ起動せず、FMラジオ起動せず、ワンセグ起動せず、おサイフケータイ起動せず、着信時のブルブルもせず・・・。いつ壊れたんだろう。とりあえず、メールと通話は使えるから、しばらくこれでいいかな（汗）。	0	
みんなアイホンのケースばっかりだどー。エクスペリアのケースないのーねるふとかのヾ(:3ﾉｼヾ)ﾉｼ	0	
画面が二重になるAQUOSをドコモ店で見せたらハード故障だからケータイ補償サービスで新品交換になると言われた。それなら七千円もするバッテリー交換も不要だし今まで五千円程月々払ったのも無駄にならない。現物が無ければ新機種になるらしいが甘いだろうな	0	
磁石普通の特別楽曲で追加されたときにまたフルコンしなきゃならないかと思うとクッソめんどくさいんだけど普通のスマホならいいけどアクオスフォンだとこういう譜面マジで運ゲーなんだよ	0	
Xperiaの感覚でフリックすると反応しないのめんどい	0	
シャープさんツイッターなんかやってる暇あるんか…	0	
iPhone6 ヤフーメール 届かない 検索	0	
SH-01Fのアプデする前からグリップマジックの感度が悪く苦労していたり、アプデ後は電池持ちがクソみたいに悪くなってなんじゃこりゃ状態だったんだけど、セーフモードにしてセルフチェックしたらその辺なおった感。困ってる人お試しアレ。	0	
DocomoのXperia Z5の広告「Xperiaは、熱い」じゃねーよ物理的に熱くしてどうすんだ	0	
このスマホと一緒に歩いた歩数が10万歩を越えた！ ってアナウンスがあった(汗) スクリーンキャプチャしようとした瞬間、へんな擬音語連発して、シャープモード発動とかまた訳の分からんことを・・・(汗)	0	
自分の冷えた太ももがあったまっていくこの感覚がXperia	0	
前の機種（シャープ製）はEメールとSMSが一つのアプリで見られたのですが、今度のはauの標準のアプリらしくその二つが別々。しかも振り分けたフォルダをいちいち開いたり閉じたりしないと切り替えられない。おまけにアプリが違うのでクラウドのバックアップがレストアできないという…。	0	
ルンバにあしをガツッ！ガツッ！てされる率が高いのはステブン	0	
MNP割とU25割とXperia z3スタートキャンペーン割使ってもパケット3GBで5,500円/月もかかんのか・・・	0	
シャープこれ買収じゃなくて隷属化じゃん	0	
コンビニのコピー機前に低い位置に吊られた広告があって大変遺憾。ただでさえ見辛い窓際の反射に抵抗しながらタッチパネルを触ってるのに頭がばかすか当たる。他に吊る所なかったのか	0	
とちてれ★アニメフェスタのdアニメストアのスタンプラリー、自分のスマホは対応外と言われてしまった…ちなみに機種は、AQUOS PHONE es。AQUOS PHONE ss 205SHはＯＫなのになぁ（悲	0	
シャープ　日本の技術この言葉で検索かけるとネット愛国者の皆さんがやたらと国益ガーと憤ってるけど、「そーいう貴方達はiPhoneやGALAXYなど使わずに日本製スマホを御利用なのですよね？」と尋ねたくなるのですよ。	0	
先日、友人から中古のAQUOSを譲り受けて、ブラウン管TV・デジアナ変換生活から液晶画面・地デジ生活に進化しました。世間より12年ほど我が家は時代が遅れてましたよ。それにしても、PCモニターなら何時間見てても平気なんだけど、TVの液晶画面は刺激が強くて目がすぐに疲れますね	0	
USIMカードが勝手に飛び出してソフトバンク回線が不通になるという信じられない現象で修理に出していたスマホ(AQUOS QRYSTAL )が１週間経ってようやく戻って来ました。原因は只の不良とのことですが、おかげで初期化からの復元作業という糞面倒を強いられております。	0	
犬電話(２００ＳＨ)また再起動(怒)リス電話(au)ガラケー送信	0	
iWnnのIMEが糞なのか、シャープのタッチパネルが糞なのか	0	
ウォールストリートジャーナルを見ると、鴻海のようなキャッシュ垂れ流し企業にシャープを買う資金力は無いと報じられている。欧米メディアは冷ややかに見ている鴻海のシャープに日本人が翻弄されてはならない。	0	
えぇっ、今の防水スマホって画面に水付いても荒ぶったりしないんだ……俺のsh-02eちゃんなんて少し手汗かいただけでﾋﾞｸﾝﾋﾞｸﾝｯて痙攣するのに……	0	
デジタル化するならパナよりもソニーのBDレコだな。MPEG-2じゃなくてAVC記録だから。	0	
携帯が故障したのでシャープから補償込みでギャラクシーに変更したけどバッテリーが減るスピードが早いない？	0	
やぱりあんどろいどの方針だかでメニューキー廃止されとるね。画面にくろーむしか載ってないから標準ブラウザも削除ぽいな。ストアから入れるくろーむなら当然カスタムされてないからもうシャープにこだわる必要が無くなってしまった。実機触らんとあれだけどたぶんそうだろう	0	
デレステに限らずグラブルしてる途中でもアプリ強制終了してホームに戻ったりするし、やっぱ本体が何かしら耐えれなくなってきてる可能性あるな？アクオスXXはどうなんだろう、評判見てみるかな。	0	
聴講型のセミナー・勉強会で話をしている最中にモバイルカメラのシャッター音を鳴らすの、うるさいと思う。（※ 特にiPhone、Xperiaあたりはかなり音が大きくてよく聞こえる） イベントによっては異なるが大抵はスライドのシェアや後日参加者だけのメール共有があるはずなのに。	0	
どうしてもデレステで出来ないところがあるから調べたらアクオスのどうする事も出来ない仕様ですって言われて死ぬほど動揺するの巻	0	
私はカラーコピー機の呪いにかかっているのか？？行くとこ行くとこコンビニのインク切れて3件目(涙目)	0	
xperia tipo。動作がもたついてwebページとか開きたくない感じだがWi-FiテザリングでChromebookから繋いだら3Gでも結構サクサクなのでLTEに固執する必要ないんじゃないかなと思ったりするがそもそもChromebookを持ち歩かないので何とも	0	
iPhone5cを使ってたのですが、どんどん動かなくなってきて、電池がガンガン減っていくので、限界を感じていたところ、料金の限界を感じていた夫からSIMフリーのスマホに変えるようお達しが。エクスペリアの中古に乗り換え。アプリの移行がスムーズにいかずイライラMAX！！	0	
いまZ3買うことは間違ってるのは分かってるけど、Moto 360のためだから仕方ない。シャープはアップデートしないからもう買わない。	0	
ぷちドラシル、チュートリアルも何もなくいきなり放り出されて何だこりゃ、と思いながらやってたらそのまま寝落ちしたんだけど、消費電力半端ないな！iPhone6plusで充電ケーブル繋いでたのに、3時間放置でバッテリー残量100%→ほぼゼロになったよ！CPUぶん回しすぎじゃない？	0	
シャープのiPhoneのSIMが何故か反応しない	0	
今朝家出てくる時ルンバが体調悪そうだった	0	
とりあえずガラケー修理の為にデータ移行したが、ガラケーも新しいのにしちゃえば良かったかな〜なんて思ったり。でも、代替機の SH-10C のデザインが超絶ダサい。	0	
妹「鴻海はシャープの広報垢担当だけじゃなくて、タニタの広報垢担当も潰してくれ」	0	
Xperiaのファイル転送はMTP。インターネットはFTP。MTPの方が少し遅い気がする。光の方が早いし、usb3.0でもないみたい。パソコンが。Xperia Z5 premiumは、おそらく3.0対応だと思う。外部ストレージもclass10。メインのパソコンが直ったら試そう。	0	
pha-2の電源切ってる時にXperiaの方から充電されるのが嫌なんだよね	0	
Jちゃん電池持ち悪いって意見をよく見かけたけど、SH-10Dに比べれば全然持つわ…現時点で45%残ってるから十分	0	
iPhone6plusでDEEMOきついね笑親指交差できてたものが親指くっつきません	0	
最近　XperiaのCMうっとうしくないですか？	0	
ドコモのスマホ修理、SHARPは1週間で大体帰ってくるのだけれど、SONYは今日のお姉さんによれば工場がババ混みで3週間ぐらいみといて、とのこと。そんだけ売れてて故障も多いのか、そんなに売れてないけど故障が多いのか、人が足りてないのかは知らない	0	
#itunes で #iPhone6 のバックアップ後、#ios8.2 に上げようと画策中。しかしバックアップは終わらないし、iPhoneで購入したものの同期の終わらんし、タスマネジャは「応答なし」だし、どうしたら良いのか。	0	
アクオスレグザ回線切りクッソwwwwww	0	
以前、コピーしようと某コンビニに入ったら、コピー機が不具合らしく動かなかった。店員さん呼んだけど、バイトらしい兄ちゃんは、友達らしいお客さんとしゃべってて無視された。やっとこっち来たと思ったらワタシの前を素通りして、友達の会計を始めた。そのまま店を出て以来一度も行ってない。	0	
【悲報】XPERIA Z4、太鼓さん大次郎の操作性最悪	0	
セブンでコピーしてから行こうと思ったけどWi-Fiだるかったからあきらめた←	0	
@シャープ@富士通最初からSIMフリー携帯を量販店で売れや💢💢💢💢	0	
SH－04D→ホーム画面まで立ち上がらない	0	
タイムラインのルンバの女性評価低いぞ！	0	
70年代終わりころの生まれの自分にとって、シャープって昔から二流半のメーカー代表。アクオスでは一流半に片足は突っ込んだけど、後ろ足を蹴り出さず前足を戻してまた二流半に。	0	
てか、私のXPERIAにもマルチダンジョン追加しろや！	0	
怒涛の更新ラッシュだけど、なぜこれを私が寝ている間にしない？エクスペリアよ…	0	
アイクロに関しては3曲以上連続で快適にやれるだけで満足だわXPERIA Aちゃんだとそれぐらいからガクガクになってたから	0	
ガラケーの時から、機種変しても最初に選んだメーカーのばっかり使い続けてたから………まあ、スマホでもそうなるよね。でもAQUOS…………機種自体の不具合が…音ゲーできなくてイヤなんだ((o(&gt;皿&lt;)o))	0	
水気の無いところで水没した防水のsh-11cちゃんをドコモショップに…	0	
今更iPhone6マンなんだけどタッチペンないとパズドラできないわこれ_(┐「ε:)_	0	
放っておいて直る直らないじゃなく、1度見て貰った方が良いかもしれないな、洗濯機。幾ら何でも新品を買って1年の間に6回も排水不良が起こるのではお話にならない。頼んますよシャープさん。	0	
ところでクソスマホがクソすぎてJB以前のAndroidはクソだなと思っていたのですが、代替機が何かにつけてクソ速くてAndroidじゃなくてシャープがクソなんだなと思いました	0	
シャープのせいで全国に淫夢ネタが広まってしまったわけですけど	0	
庭のXperia使ってるけど、毎日キャリアアプリの大量アップデートがDELLのが最高に鬱陶しい	0	
XperiaつかんかぎりLINEが開けぬ。	0	
SH-07Eのタッチパネルがうんちなのはスクヘスの時から知ってたけどついに音ゲーが下手だと分かった	0	
コピー機の紙詰まり対処に慣れすぎてコンビニで紙詰まり起きても開けられる時は自分で開けて処置しちゃう	0	
破談になったらシャープの危機？　#nhk24	0	
シャープ、最終赤字2223億円 15年3月期 液晶、太陽電池の不振響く。(＠´ω｀)	0	
鴻海たる企業がデューデリで落とすわけ無かろうしな、こういうの。まあ、調印が合意しつつある段階でこんな事言ってきたシャープの不誠実な態度につけこんだんだろうな。まあ、中華系うんたらではなくてビジネスの信義則から考えると「ですよねー」って感じだけど。	0	
親指腱鞘炎が本格化してきたのでいっそのこと両手で操作するようにiPhone6に変えたんだけど、結局必死に片手で操作して前より酷い件。	0	
Xperia Z UltraにChord Mojo繋げて聴いているとたまに音飛びするけど、それはWindows10の場合も同じだし。Plamo Linuxだと音飛びは全くない。要らないdaemonは止めてる	0	
やっぱりシャープとかのスマホのOSアプデはちゃんと実施されないから不安だよなwwww	0	
薄氷:シャープ再建／中 鴻海へ拭いがたい不信感 終盤、揺れた経営陣。(・｀ω´・)	0	
いやー、忘れてた。7年以上前のソフトバンクシャープガラケーって他社携帯とのSMS弾かれるんだった。	0	
XPERIA Z3がもう少し普及したらアプリの通知バイブ消す方法見つかるかな…？	0	
ルンバ1周で息切れ	0	
Xperiaのアップデートがなかなか終らなくてスマホ使えず。出かけたら完全に音信普通になりまーす(^q^)…orz	0	
セブンイレブンでインターネット決済するもレシートが紙づまりになりミスプリント→原因を追及するために明日業者を呼んでチェック→機械トラブルと判明したら本社の人間を呼べる→それまで再発行できないだと。しかも最悪再発行できないかもしれませんとか言いだす始末。　#セブンイレブン	0	
ルンバは平面でしか稼働できない。ご家庭内でのあらゆる局面に対応するためにはやはり二足歩行型が最適なのだ。メイドロボの実用化が急務と言える	0	
ガラホSH-06Gにしたらツイートしづらくなった。ガラケはツイッターに接続すらできない。スマホぢゃないとツイッターに生息しづらいことがわかった。	0	
セブンでおそ松プリントしてきたけど何か色薄い	0	
わざわざ台湾の色でモザイクかけてるチャイナ系企業が官系投資団体以外どこも手を出さなかったシャープに払うかどうかもわからない大金を投じようて持ちかけてきた時点で有能な経営者なら相手にしないと思うんだよな	0	
某コンビニのプリンター、支払い画面に気付けなかったうちも悪いとして、そのままプリントスタート押したらエラー画面で「店員を呼んでください」って酷くない？エラー画面で良いからお金足りないって教えて欲しい	0	
あとで要望も出すけど、定期的につぶやいていこう。auは下記アプリを早くAQUOS Kに対応させてほしい。そしたら即買う。・RUN&amp;SPORTS・Edy・nanaco・WAON フィーチャフォンで使えてたものが使えなくなるのは本末転倒だし、すでにスマホ用はあるのだから。	0	
最近シャープの喋る掃除ロボがテレビで紹介されてたけど、「そんなバカなことしてるから買収されるんだよ！」と思わず叫んだ	0	
シャープのホンハイ傘下は、銀行が押し切ったから、銀行がバカみたいなのが流れてるけど、シャープの生え抜きの役員連中だって、JD合流しないというバカ決断してんべさ。	0	
あれ？気がつけばSH-01Fのインカメラが結露してる (；´Д｀) ま、インカメラだからいいけど… #SH01F	0	
X1ユーザーだった私としてはシャープの没落っぷりがすこし切ない。ガラパゴス商品を開発する日本の家電メーカーの象徴的な存在。	0	
Xperia Z5 Premiumですが、やっぱり800ppiクラスともなると開口率は低いようで、輝度がいまいちなご様子。それでも常に4Kなら技術的にはトレードオフとして納得できますが、利用シーンがごく限定的なことを思うとちょっと微妙だなあ。	0	
ソニー:「新型Xperiaですを」？？？:「この超格好いいロゴ入れないと売らさせないナリ」ソニー:「........」	0	
シャープって０号商品を生み出すが、１号商品を生まないのよね。要は商品企画戦略面が極端に弱い。他の業界ではミツビシ自動車も同系統の失敗しがち。北米市場でのマーケティングに鍛えられた会社ではそういう失敗は少ないよね。	0	
シャープの8Kで想像したもの…　きつい・汚い・苦しい・臭い・厳しい、あと三つ。あっ（経営危機で三つ入ってる、けど言っちゃダメだ）	0	
俺もそろそろスマホ変えようと思うけど、最近の泥はえくすぺりやシャープでさえ発熱地雷しかないみたいだからまともなの出るまで待つ(^q^)	0	
シャープ糞ワロタｗｗｗ	0	
ガラケー時代に機種変更でAQUOSケータイ(800x480)から画面解像度が低いやつ(?)にして後悔したこともあるし。	0	
WOWOWオンデマンド、XPERIA Z5は未対応なのか。あぁ(T_T)	0	
んあ～、東芝とパナソニックが共にバッテリーリコールだ…。月末で忙しいのに…。	0	
巷で見かける【#iPhone6 16GB　一括0円】ってのは、格安SIMカードの入れ替えが出来ないんですかね。データ通信専用で使いたかったのですが、却って高くつきそうなので今のスマホは解約しようかな。	0	
今思ったXperiaに変えたから修学旅行もクラスマッチも体育祭も文化祭も今までの生活の思い出が全て消えたんだ。iPhoneうごないからもー見返ることができない。なえる	0	
SHARPってツイッタでふざけて遊んでたから業績落ちて買収されたんと違う？(コンサルタント並感)	0	
304SHのロック画面ってもしかして使用者が動かさないと切り替わらんのか？ 時間で自動的に入れ替えるんでないかと予想してたんだが、今日１日矢澤から動きやしねぇ。おっふ。おっふ。	0	
うぅん、、またiPhone6からツイート出来ない。TLは更新されるのにツイートだけ出来ない( ；´Д｀)、	0	
こっちきてからパソコンないからコンビニコピーで文字作成するしかなくて、セブン行ったらスクショは読み込んでくれなくて、iPadで表示したのを写メってコピーした、、つかれた！これから作る！何分でできるかな〜	0	
DMMのスマホカバープリントサービスアクオスフォンなくてつらい	0	
お昼の間に出したい手紙があって送付物にコピーが必要だからコンビニ行ったんだけど、ゆっくり使う年配の先客が10分待ってもコピー終わらないから泣く泣く諦めた…ご飯食べる時間無くなっちゃう	0	
SHARPもなんかあれだよなぁ。真面目に働いてるSHARP社員がかわいそうだわ。おとといだったかな、社長がコメントしてたけどｽｹﾞｰ嫌な感じだった。	0	
シャープとタニタの企業垢擬人化した漫画とかヘドが出るくらい気持ち悪いな	0	
コンビニイベント、コピーしに行ったら途中で用紙切れになって、店員さん呼びに行ったらレジにいる人しか見当たらず、レジも何人か並んでいたため諦めた。また明日行かないとな。	0	
Xperia新しいのきたから移行するので、時間かかるな、ほんとにもう	0	
シャープ、AQUOSの画面両サイドにスピーカーを追加できるシアターシステム⇒Error	0	
コンビニのコピー機にインクジェット紙は使えない……まじか(´・ω・` )	0	
206shの調子が悪い。タッチパネルが反応しない。どうした。2年経ったからか…。	0	
ケータイの調子がすごい悪い。月曜に新機種発表みたいなんで機種変検討しようかね。その前にauからXPERIA割引チケットがきたけど売れてないのかな。auのやつ色がダサいからね	0	
スマホとか作ってるんだもんね……そうだよね……電子レンジとかどうでもいいよね……開閉の振動で液体がこぼれようが無駄にライト付けて電気喰おうが大した問題じゃないよね……そうだよね……世界のシャープだもんね……	0	
携帯が勝手に再起動された・・・・SoftBank 303SH	0	
写真をコピーしたいのにコンビニドンくさすぎてイライラするわ（ーー；）	0	
スクフェスはやっぱ林檎端末がいいな…xperia z3tabだと違和感　zenfone2だと遅延する。	0	
ママの食事止まってるよ❗看護師さんに言わなきゃ😃あっ今日下の歯が抜けたらしい❗段々歯が少なくなっていってるよ❗😢又スマホ📱の画面揺れてるよ❗大丈夫かなぁＡＱＵＯＳ❗	0	
ハタから見ると気持ち悪いリプライしてそれ晒されると本当に殺意アクオスゴミ屑ハゲニートアスペ	0	
やばいコンビニでPDFが印刷できない。	0	
あ"""""""""""、Xperiaのjpgが吹っ飛んでる‼うそやーーーーーーーーーーーーーーー優也んのアー写がない 何故？‼マジ‼何があったNo～唖然愕然復旧作業(涙)	0	
自由時報（台湾・民進党寄り）から日本ネタ３つ。シャープは3500億円（日本円）の負債を抱えていてホンハイ寝耳に水（原文は不意打ち）。川崎でジカウイルスの感染が確認された。日本国籍で２２８事件の被害に遭った遺族が勝訴した訴訟で（台湾政府は）控訴を取り下げた（確定）	0	
わりと急いでコピーしなきゃいけないものがあったんだけど、コンビニって両替してくれないのね･･･プリンター使う場合でもダメなのね･･･	0	
もうシャープの製品は買わない方がいいな いろいろ試しても治らない。 テレビもタブレットも中途半端な製品しか作ってないのか？明日は早く仕事を終わらせてドコモショップ行くかなー	0	
iPhone6plusなった！つかいにくい！笑	0	
銀ちゃんのiPhone6画面割れた笑笑	0	
SHARPのBD-HDW35が完璧に死んだな。こりゃ中のソフトウェアが死んだパターンかな。なにせ僅かに出力が一瞬だけ来るけどさ。ファミリンクも認識はされるけど。なにも映んないし永遠に再起動するし。何じゃこれ。	0	
コンビニのコピー機とATM近すぎてやだのう	0	
とみすけも、やはりXperiaのデコとアゴ多すぎると考えてるのか	0	
音量を上げすぎたせいで、パナ側スピーカーは、音が割れている。	0	
VAIO DUO13のWindows10のうまく動いてくれなさ、Androidのバージョン上げると不安定になるXperiaを思い出す	0	
ちなみに店舗は毎度お馴染み、5冊目にコピー本を刷ろうとして紙が詰まったセブンイレブンです♡♡	0	
マイナンバーのコピーの規定って曖昧やな・・・。コンビニでコピーしたらコンビニの印刷機のメモリに一時的に情報は残っちゃうわけだし、今後色んな問題出てきそうだわ	0	
マイナンバー、カードをコピーして提出してネって言われたんだけど、コンビニとかでコピーしたら、そこから流出したりとかしないんかしら…なんか、昔、コンビニのコピーは個人情報の宝庫みたいな話あった気ががが	0	
XPERIAでミラクルガールズフェスティバルできればいいのに	0	
昨日アカウントが外れたがスマホがスリーブしたからツイッターが外れましたこれくらいでアカウントが外れるてのは改善のよちあり私の仕様端末はsh01dfです考えてくださいませか	0	
オタクに媚び売るシャープ潰れろ	0	
それにしてもここで呟く際に今日わたしがとって午前中に使うからと証明写真にしてきた自撮り写真が出現してきて何とも煩わしい気持ちになるんだけど…自分の写真だけど…でコンビニでプリントアウトしたら写真の荒い事といったら…笑これ使ってもいいのかとゆーレベルだけど大丈夫かしら？	0	
これ撮るためだけに8回くらいシャッター押した。必殺技の時ってすぐに文字が被さったり白く発光するからタイミング難しい(T_T)しかもiPhone6、電源ボタンが横にあるからめっちゃ押しにくい。8回のうち3回くらいは同時押しに失敗して画面スリープにさせた	0	
ソフトバンク一括設定プロファイルを入れてあり、IIJmioのSIMで運用してるSIMフリーiPhone6plusですが、ソフトバンクWi-Fiスポットへの接続時、認証に失敗したと出ました。ということなので、使えませんでした。結果報告まで。	0	
パナソニックっていつもこんなにスカスカだったっけ？	0	
SHARPのなんちゃらで言ってたっけ？ちょうど向こうは年末だって、明後日が正月なのに全然めでたくないな	0	
（日経新聞）シャープが30日発表した2015年4～9月期の連結決算は、最終損益が836億円の赤字（前年同期は47億円の黒字）だった。中国経済の減速により、スマホ向けの液晶パネルが低迷した。	0	
Xperiaの背面ガラス割ってしまって悲しみに打ちひしがれてる	0	
嫁さんスマホ、バッテリーほぼ死亡のためXperia Z5に機種変。はー高い。はーー高い。	0	
なんか #xperia nx の3G がしにがち(´･ω･｀)	0	
くそうwwwwwwwコンビニ文書プリントのサイズ非対応の罠にはまりwwwwwひいい何往復させる気なんwwwwwww(自業自得	0	
高性能家電は確かに便利だけど、お手入れが面倒くさいことも(^^;;地味にモップ掛けと雑巾掛けが個人的にはやっぱりいい、ってことでルンバ断捨離（笑）使用自体は半年くらい、1年使われず…な比較的綺麗なので、欲しい人がいたら1万くらいで譲ります…です。	0	
F-05GもSH-06Gも非対応だよなあ、ていうか最近の携帯自体が対応しとらんけどDCMXやってるからおサイフケータイ使用有無ぐらい案内されそうなものだが省かれたんだろうか	0	
やっと下のリンク先ので出来た。XperiaのOSを更新している人はなりやすいみたい。下のリンク先の手順を一つでも間違えたらモンストのアカウントの復旧は出来ない。ソースは俺。	0	
シャープ機のパターン入力の仕様結構めんどい…せめてスリープ解除時のウェルカムシートすっとばして直接パターン入力画面いけないものか…	0	
通話とか何もしてない時にいきなりルンバ動き出すのやめてくれ…wわりと不安になる…w	0	
ニュースで「SHARPの自由な社風」と言っていたけれど、Twitterを見る限り自由過ぎる社風かと。	0	
Xperia、プチフリ連発で再起動しても無理だからデレステもうだめだ	0	
Sharpには早くWILLCOM03やアドエスやD4のようなハードウェアキーボードのスマホを復活させていただきたい。中身はAndroidでもWindowsでもいいし、スティックPCのシステム極小化技術もあるから出せば一定のシェアは確実に持てるって。	0	
確かにSHのガラケーは何台も使った愛着のある存在だけど、androidガラケーとか言われてもボタンがドコモ統一配置になったあとのモデルに何の価値も感じない。	0	
シャープのロボ携帯すげぇ使い勝手悪そう	0	
スマホ自転車漕いでたら落としてバッキバキになったんで機種変（強制）しました‼︎iPhone6sに変えて画面が大きいのにね戸惑ってます…	0	
でも姉がiPhone6Sに変えた姉が言ってたけど、アンドロイド比べればバックアップとかPCでやろないといけないし、自由度あほみたいないとか言ってたな～。自分でも思ってこと一緒だったな	0	
アパート契約更新の住民票、コンビニのマルチコピー機からプリントしようと思ったら、まだ対応してないわ…住基カードのチップの意味なし…。(¬Д¬;)	0	
物が多いオタクの家ではルンバ使い物にならない…	0	
家電店で洗濯機を冷やかしたところ、シャープ製品のデザインが最もシャープではなかった。	0	
iPhone6s契約時にいろいろオプションで入れられたのを解約してた・・・結構多い～	0	
シャープはホンハイの方が良かったかもしれないが、ホンハイはiPhone製造で自殺者が出てるから、ブラック企業な気もする。	0	
あたまイカれてんじゃねーの　シャープ	0	
デレステSH10Dでも何とか3D軽量で動くか。だが熱とバッテリーの消耗ががが	0	
ずっと引きこもってようかと思ってたけどlighteningケーブルの被覆剥がれてるし、Xperia分解用にドライヤーも買わなくちゃいけないし、YAMAHAのイヤホン試聴したいし、とりあえず出掛ける準備	0	
コンビニで脅迫状コピーするなやww	0	
シャープの若手の離職が問題になっているけど、希望退職した人の再就職が厳しい方が問題じゃないのかな。	0	
iPhone6のTouch ID不良の件、出品者に連絡したのにまだ音沙汰がない。ちゃんと対応してくれるんだろうな…。	0	
素直にスマホ＋テンキーで作ればよかったのに。GooglePlay不可、VoLTE未搭載、タッチパネルでもない、一体何を目指してたのだろう？　 #aquos_k	0	
Kindle Voyageが4/30まで最大30日返品保証らしいのでとりあえずぽちって見ることに。iPhone6+で読書デバイスは終わりにしようと思っていたのだけど、やっぱりもうちょっと画面サイズが欲しい。とはいえ、paperwhiteはやっぱり遅い。iPadは重い。	0	
Simeji使ってて、iPhone5でもちょこちょこキーボード落ちてたけどiPhone6Ｓに機種変したらますますキーボード落ちるようになったんだけどこれいかに？🍄	0	
おつお良くひどい商品掴まされるな…Wiiのスマブラを買った時もそうだし…Xperia前のヤツは傾きセンサバグってたし	0	
待ち時間に抜け出してXperia Z Ultraの売却手続きすりゃよかったな。効率厨じゃ無いけれど、あまりに非効率で時間の無駄。	0	
いここさんの午後休はハゲのえびおと、「回転ブラシのおそうじをしてください！」と言って業務を放棄したココロボのお世話で終わりそうです。回転ブラシのゴミを取っても動いてくれません。サイドブラシもエアーダスターで綺麗にして、回転ブラシも洗って干してみました。	0	
@の前に.が挿入ってると、途中で入力できなくなるのワタシのケータイだけですかね…(^｡^;) #sh203 #洲崎西	0	
今年のスマホの夏モデルがペリアZ4もシャープもアローズもバタも全部ダメねマシなのはギャラクチョンS6と発熱少ないスナドラS808使ったLGねそもそもスナドラS810は熱すごいのってなんで試作段階で気づかないのか謎	0	
うちのアクオスたんは2画面ができるんで、本編とビジュアルコメンタリーを別のレコたんに入れて2画面に！と思ったら、2画面のうち1画面は外部入力を表示できないみたい！チッ！	0	
久しぶりにヨドバシカメラコーナー覗いたらフルサイズがなんか多かったし、パナのルミックスが超進化しててなんだこれ気持ち悪い。。。	0	
あとXperia君たまにあらぬところをガバ反応で連打するの本当心臓に悪いから勘弁してほしい	0	
ココロボは階段掃除してくれないから、コードレス掃除機買いたいんですがおすすめありますかに？	0	
禿版なんてアプリの検証コスト大して掛からんだろうに、禿に言われないからって放置してる禿シャープ開発チームの適当さを感じる	0	
フォトブックって高めだけどコンビニプリント何枚もやると場所取るしお金も結構かかるので好きな写真を一冊にまとめるのも良いなと。出来次第ですが。	0	
iPhone6「ふぁ〜長い眠りについていたみたい・・・あれ？貴女は？」って感じで戻ってきた(初期化された)LINEにログインできない(((∩°ω°∩)))	0	
それにしても、やっぱり気になるのは、今日の航空祭の人混みで、XPERIAを落としてしまって、ディスプレイの端っこにひびがはいったこと。そして、カメラに、またへんなドットがあること。今週末、XPERIA Z5買おうかな。あるのかな、普通に。	0	
シャープの太い負債がホンハイの中に入っちゃっ	0	
いわゆるガラホを見てみたがやっぱり劣化スマホでしかないんだよな…スマホIS15SHのバッテリー買お。	0	
ファミマとローソンのコピー機がUSBを受け付けぬ！	0	
au シャープSHV32にはAndroid標準ブラウザがない。Chromeだけ。標準ブラウザで、と指定してるリンクにつながるんだろうか？	0	
そもそもシャープにタッチパネルの精度を求めるのが酷	0	
むしろそれが普通でシャープスマホがゴミなだけか	0	
シャープの件ですけども。あんな所でうそついてました~じゃ好意を無にするってことだろうし、まず・・・まあちょっとアレ頭おかしい切ってよし！でしょ、ゴミ過ぎる	0	
母親も俺と同じSH-02E使ってて、不具合がたくさんあるらしいからハズレ機種だったんだと思う。木曜日に一緒に機種変更しに行く。	0	
えーっと？ジャパンディスプレイが政府が金出して建てた連合企業でソニーと日立と東芝がいると。でシャープは単独で戦えるとして断って、今になってジャパンディスプレイにシェアを奪われて赤字転落っていうことね。ムズカシイ	0	
そーいや写真撮ってくださいって頼まれることが多かったけど、Xperiaのオートフォーカスのつもりでシャッターボタン長押ししたらだいたいみんなiPhone勢で連写になってしまった(しかも学習しない)ダメなカメコはこちらです。	0	
携帯iPhone6にしたからLINEのトーク全部消えた(T_T)つんだ(T_T)	0	
自宅のプリンターが故障したので、コンビニでプリントしたらコッチのプリンターもエラーを吐くという……(^_^;)地獄かよ	0	
iPhone 6s に附属してきたイヤホンがLR逆だ！ヴァイオリンがRで、バスがLにいるから「面白い配置だな」と思ったら、全部逆だった。嵐のYoutube見る際にイヤホンつないで、いつものモーツァルト聴いて気がついた！交換してくれるかな？	0	
007SHのスマートフォンは絶対に買うなモバゲーはするな高校一年字も幸せにすごせれば完璧な高校生活になる #もしも5年前の自分に30秒だけ会えたら	0	
役に立たん携帯。捨ててやろうか。くそSoftbank電池持ちは、みじけぇし、アプリは容量不足とか言いやがるし、YouTubeはくそ遅いし！ガラパゴスは、馬鹿？馬鹿だな。003sh!	0	
エクスペリアちゃん「たすけて！容量なくて新しいアプリDLできないどころかメールも受信できないよ！」もに「ふぇぇ待ってて写真をパソコンに移すね；；；」エクスペリアちゃん「そっちは内部ストレージだ容量足りんのは本体メモリーのほうだわアホか」もに「貴様」昨日からのダイジェスト	0	
友達が友達にBlackBerryの写真(おそらくQ10)を見せた所、キーボードが付いてる時点でダサすぎとあしらわれたとのこと。少なくともXperiaとかよりはデザインいいと思うんだけどね	0	
SH-04Fは持ち心地が固いしデカい　　、、、SHARP泥機ソムリエやってんじゃねーんだよ	0	
アップデートしたら画面左上のアイコンの表示順が逆になった。アップデート前は、右に追加されていったのに、今は左に追加されていくようになった…。 #203sh	0	
ココロボ筆頭めっちゃ欲しいけどめっちゃ高い…	0	
そしてシャープ暴落か……	0	
コピー大量に頼まれててファミマ行って万札しかなかったからレジ行って、コピー機使いたいんで両替してもらっていいですか？って聞いたら高校生ぐらいの男の子に両替は無理っスって言われていやここのコピー機使いたいんですけど…って言うたら防犯対策で両替無理っスって…（笑）（笑）	0	
iPhone6sアップデートが終らない(ノД`)・゜・。iCloud設定ってこんなに時間かかるの？？もうすぐ2時間になるんだけど・・・orz	0	
「町田勝彦会長と片山幹雄社長が引責辞任し、後を継いだ奥田隆司社長が翻意する。奥田氏は鴻海を遠ざけ、邦銀に接近。銀行の条件を満たすべく、社員を3000人以上も減らし、平均年収を80万円も削ったが、止血に失敗、自ら呼び込んだ銀行に1年で引導を渡されてしまう。シャープの漂流が始まった」	0	
シャープのスマホ買ったけどSIMスロットが不良でSIMがセットできない。当然初期不良で交換かと思ったら修理扱いだと。送って戻るまで10日くらいかかるって。新品なのにいきなりケチ付いたみたいで不愉快。こんなことだから本社売るようなことになるんだな。	0	
経営陣や従業員を厚遇して、既存株主を冷遇というか、ヌッコロす。やる事もシャープだ。	0	
SH-02E、画面よりしたの部分が妙にのびのびしてるからそこも不満だ	0	
プラットフォームとサービスが肝なのに旧来のハード事業だけくっつけても仕方ないのはシャープの中の人もわかってることだろう。	0	
新しいXPERIAから毎朝いらないアプリをせっせとアンインストールちう	0	
シャープ製のBRレコーダ、購入して2年で2回目の不具合。録画してた番組が全部消えてしまうそうだ。『花子とアン』も『ガイム』もけっきょく最後まで見られなかった。(´∩｀。)ｸﾞｽﾝ	0	
コンビニイベントで作品を提供したかったけど、やりかたよく分かんない。コンビニイベントで印刷したかったけど、コピー機の前に立ってもやり方よく分かんない。という方が、少しでも減りますように。	0	
昔、ケータイをNECからシャープに機種変したとき、単語変換がすごくポンコツで驚いたことを思い出しました。良いものを最初に使ってると、それが他のものに比べて優れているものだと自覚しにくいんだよなー。うーむ。失って初めて気付く大切さ、的な。	0	
不具合メイカーことシャープはもう嫌だったし（前の携帯のこともあって）、GALAXYはメーカー保障がないに等しいだろうし、あいぽんは勝手が効かないからもう消去法で1つしかないよねって	0	
EDINET見ると、ダブル橋本と常勤監査役の元みずほが元凶だな。 #シャープ	0	
シャープのプラズマクラスターに代表される「イオン発生ユニット」付の空気清浄機やエアコン。これらの製品購入前には必ずイオン発生ユニットの定期的な交換が必要か不要か確認して下さい。割と維持費がバカになりません。	0	
キンコーズってスキャンもしてくれる？？セブンのコピー機解像度低いしjpgなんだよな…B4のスキャナなんて売ってないし…	0	
目の前でセブンのコピー機壊れた💢💢💢💢💢	0	
てかさ〜iPhone出す感覚早すぎな。iPhone6とか言っといてもうiPhone7出来てるんでしょんでiPhone7出すときはきっとiPhone8はもうすでに発売予定的な	0	
㊦⑥）目覚まし時計なら既に所有してますが予備的に購入。予備的といいますか、昔使っていたJ-SH53のアラーム機能を目覚まし時計代わりとして使っていましたが、バッテリーが経年劣化で体積が膨張し、このまま使い続ければ破裂しそうな雰囲気なので代わりの目覚ましが必要となった為急遽購入。	0	
iPhone6+用にBluetoothのキーボード買ったんすけど、予測変換消すことできないんすかね？めっちゃ邪魔なんすよアレ。	0	
XperiaのCMの曲聴くと不安になる	0	
え、xperiaの音量+-でtlが上に下に行くんだけど。	0	
シャープのスマホには｢エモパー｣という喋るアプリが入ってて、いろいろウザい事とか言ってくるんだけど、さっき｢ガガーリンが｢地球は青かった｣と言った日は水曜日｣という豆知識を教えてくれたので、普段のウザい発言は水に流すことにした。	0	
シャープといえば、タッチパッドのところをタッチパネルにしたという自分でも何書いてるのかわからないような珍ノートを鳴り物入りで発売して大コケしたよなあ、となぜか今思い出した	0	
うーん。Xperiaの画面保護フィルムが傷だらけで見にくい。新しいの買わないとダメか。	0	
アクオスＫ向けアプリなのにタップ必須画面にタッチクルーザー無し、十字キーの上下しか効かなくて使えないタブがあるとか。ちょこちょこ通報していく。	0	
Xperiaのワンセグじゃふゆどれか分からん(´Д` )	0	
(会社の事務棟でルンバが絶賛稼働中なのですがなぜか家庭用じゃなくて業務用のだからメチャクチャ音がうるさくて異様な存在感wwwなによりそれを遠巻きに見てるおっちゃんたちがもうwwwwww)	0	
まあ微レ存ゆうた時点でシャープ公式はないわ｡	0	
明日使える情報、セブンイレブンのはがきプリントはインクジェットはがき非対応。	0	
504SHのタッチアンドトライ動画見てて、通知バーに3Gのアンテナピクト立ってるの「発表会会場SoftBankの電波悪すぎだろ」って思ったけど、そもそもLTE非対応機だった	0	
CP+2016へ行ってきた。パナソニックとリコーのブースでは聞きたい情報を何一つ得られなかったが、ビクセンでは聞きたかった情報が得られたし、Toastでは思いがけず耳寄りな情報を得られたから良しとしよう。	0	
は？Panasonic cupのゴール裏チケット売り切れてどーゆーことや？先行販売で完売とか…だるっ(*￣m￣)	0	
パナソニックで少し話題になってたけど同性婚と結婚って名前変えてる自体差別だよなあ	0	
パナもレンズを出すみたいだけどオリと比べてもインパクトが少ない	0	
とりあえずいまのケータイはよかえんとまともに通話もできない(T_T)SH●RPはダメ(;Д;)(;Д;)	0	
シャープ【6753】が100円割ったら欲しいけど、このまま復活せずにそのまま紙切れになるのが怖い。	0	
トーキーさんの仮スマホすごいカクカクだったAndroid4.1のアクオス	0	
シャープの電子レンジに買い替えたら700Wしかない。シンプルで結構だが、ちびくろちゃんの炊飯は500Wで10分と決まってるのだ。700Wの8分を試したらかなり固い炊きあがり。	0	
Xperiaまだ届きません…都会には在庫が溢れてるんですよ？CMもとっくにスタートしてるのに何故届かないの？何故？why？	0	
シャープ、もうダメだな！ゴルフ場の再生と同じく、一回潰して、借金ちゃらにして、工場売って、社員整理して、松下に買ってもらうしか！ほっといたら、技術も人材も、台湾と韓国に持ってかれるよ！	0	
俺Xperiaでさいいんだけどケツポケに入れたままチャリこいでたら踏んづけて液晶壊れたからな	0	
お願い、妥協しないでエクスペリア！あんたまで剥き出しの充電口を搭載しちゃったら、誰が防水携帯だって言うの？発表までの期間はまだ残ってる。ここを耐えれば、他のメーカーに差をつけられるんだから！次回、「完全防水と記載があるにも関わらず充電口剥き出し！」デュエルスタンバイ！	0	
近所のセブンイレブンのマルチコピー機を偵察するなど。やっぱりADFはついてなかった。むむむっ。	0	
エヴァスマホなんか想像してたのと違う出来になってるな…(´・ω・｀)そして、やっぱりSHARPなのね	0	
シャープ「私の本当の債務はあと3500億円です。」	0	
スマホで写真といえば、SONYが一般的だけど、ふつうにSHARPも侮れないデモ液晶との組み合わせが少々...あの色が繊細に表現できちゃうAQUOS PHONEの画面だと少々ノイズが濃く見えちゃうんだよね	0	
Xperia Z5 Premium機種変とMNP/新規で支払う端末代金が5万円差があるって聞くとさ、機種変なんかしたくなくなるよねw	0	
あー、カメラの画質どうにかしたい。あの買収されるシャープのスマホ。	0	
後出し「負けジャンケン」そんなやり方ないがシャープの「隠し負債」の存在が明らかにされ、ホンハイさんも後ずさり!?というのが2/25決戦の「日台一大商戦」のいわば「一時停戦」というところだろう。これは日本国粋派役員の最後っ屁!?という隠し球だった!?	0	
まぁシャープ処理はリサイズ後が基本だから現像時はゼロにしときゃいいだけの話ではあるけれど、こんなバキバキになっちゃうんじゃ使いづらくて仕方ないだろうに	0	
現時点でXPERIA想定外の出来事。一部のハイレゾ音源がアーティスト不明点になってしまうこと。ウォークマンの時はならなかったのに。あと、ネットワークオーディオに繋がらない。世の中中々うまくいかないもんすな。	0	
前世紀末（2000年）に三洋とシャープの現在の姿を予想できた人はいただろうか。両社とも消費者受けする魅力的な製品を幅広くとり揃えていて、これといった死角もないように見えた。両社とも太陽電池・発電等の半導体事業を積極展開しようとした頃に転落が始まった気がするのは意地悪な見方だろうか	0	
安いなーXperiaに比べて	0	
〆の日高屋から外に出た直後、買ったばかりのiPhone6を落とし軽くヒビが入る大和！流石っす！	0	
藤沢本町駅近くのローソンたまにコピーにいくんやけど場所悪い事務室そばにコピー機あるわみられたくないものコピーしてんのに外から人にみられてて焦ってコピーし間違った ｸｿATMはトイレの近くにありトイレ待ちなのか客がうしろから動作みてたりね改善求む	0	
またアイコン一覧が消えた。時間見てショップには行くけど、SHARPの携帯=高額粗悪品て印象。ずっと前は悪くなかったのにね。きっとSoftbankに行っても「仕様です」なんだろうけど。♯301SH	0	
しかし、#ubuntu 15.04 は、うちの環境では明らかに(バッテリー駆動時間が70%に減るくらいには)消費電力が増加してるのだが、そういう報告は見かけないね。うちの環境が特殊なのかな。Sony S13Pと富士通 Lifebook SH76/D で確認したのだけど・・・。	0	
iPhone6s以降では、画面端において指が画面の外側近くのほうから先に触れると、タッチが反応しない仕様があります。これは本アプリに限らず、誤操作を防ぐための端末自体の仕様です。画面端をタッチする際は、すこし内側をタッチするようにしてください。害悪すぎる😶	0	
【悲報】iPhone6 画面割れました保護シート高いガラスのやつ買ったんで？お？は？	0	
ぎっしゃと打って牛車出てこないからXperiaはクソ	0	
分社化して神戸シャープを創れば、勝手に対立して･･････。 #やめなさい	0	
寝室のAQUOSのリモコンがイカれて８だけ反応しない。残念だな＞フジテレw。流石に買い替えか…デジアナ変換ギリまで粘りたいのに。	0	
携帯をけつのポケットに入れたまま座ったら、くの字にひんまがりました。笑by XPERIA Z1	0	
iPhone6プラスかったけど大きのわいいけど重いのがなー	0	
タイミング的に今年の夏XPERIA AからXPERIA Z4に変えた人が多そうだけどスナドラ810搭載って確か810と820は発熱あかんやつじゃん (-人-)買われた方御愁傷様です	0	
子ども達が夏休みに四つ切の画用紙に描いた絵をコピーして、じいじとばあばに送ろうとコンビニ行ったら、四つ切画用紙が想像以上にA3サイズよりも大きくて断念。。。うーん、どうしよう。。。出来そうなところ調べてみたけど、１枚１５００円とかしてしまう。。。	0	
アカンわシャープ…	0	
auからSoftBankにして４ヶ月。同じiPhone6で同じ場所で、auは4GなのにSoftBankは3Gってことが多々ある。なんとかして下さい❗️	0	
あるコンビニで、写真をプリントアウトしようとＳＤカード挿入したが反応せず、店員二人も自分のＳＤカード試したが出来ず・・・そして〝出来ませんね〟の一言で、店員二人ともその場から消えた。残された俺たちは、し画像を早急に出したいのだが、放置されたままに・・・	0	
今はAUでアクオスフォンのSHL24使ってるんだけれど、既に1年半使ってて保証期間外。まだ見積もりにも出して無いけれど、恐らく画面・センサー修理だけで2万円前後かかる。そこだけ修理してもすぐに他部位に不具合出る可能性が高いし修理に出すのは馬鹿馬鹿しい。	0	
ほんとiPhone6の電池がもたなくなったな。 AppleCare入ってないけど交換してもらおうか。 白い犬の後で代金もらえる保証には入ってるけど対象になるのかな	0	
わしもXPERIA調子悪くなってiPhoneにした。そしてiPod classicの電池消費激しくてiPhoneに音楽入れようか迷ってる…	0	
XperiaXの画面が立体になってて嫌だな。iPhone6シリーズみたいに保護フィルム貼りにくくなるじゃん(´・ω・｀)Z4欲しー！Z5の方がいいけど高くて無理(´；ω；｀)	0	
iPhone6sPlusにしたばっかなのにガラスのフィルムわれた。マジショック	0	
ア！コンビニで印刷すればいいのか！！！え！！！！高くね⁈⁈⁈コピー代って増税してるの⁈⁈しぬわ！！！	0	
ヨドバシで人生初のSIMフリースマホ、ファーウェイP8liteを購入。今のWX04SHは発熱、画面の線ときてしまったんで。そしてそのポイントでHGサイコガンダムゲットw	0	
今はSC-02EがIIJmioでSH-06Dがmineoだけど、来月からは入れ替えよう。Google Play Music聴きまくるにはバッテリーが！	0	
セブンイレブンでやってるブロマイドプリント、刀剣乱舞の第四弾が今日までだったから慌てて粟田口の描きおろしだけ印刷してきた。なんか、色薄すぎて古い写真感強い…。今は亡き（略）みたいな感じ…(´・ω・｀)	0	
エクスペリアz4の閉じるケースごみ充電するのに線指したらケースのふた閉じれなくなるからw	0	
ホンハイはシャープを買わない方がよいと思う。本件に関して私はホンハイの味方。「日本の技術が流出」ということではなく「日本の恥部（怠慢無責任経営）が流布」になることを危惧しているから。せめて、会計クリアにして現経営陣が腹切ったら、という感じ。	0	
iPhone6plusもろすぎるポケットから落として画面割れた	0	
DOCOMOのXPERIA使ってるんだけど、毎日データ使用量とにらめっこ。少しサイトみたり、アプリゲームやるもすぐに1GB。 月5GBまでのプランやってるけど…。今月も超過したら1GBごとに￥1000ですwのになった件。他社で定額使い放題でたらマジ変えたい。	0	
太陽電池はそろそろ限界だからやめときなさいよって思ってたのにシャープさんはまだやってたのか	0	
ガラケー並の機能なのにガラホAQUOS Kがスマホの月額料金になるのは納得いかない。auの料金体系は詳しくないけどガラケーはスマホより月額料金安いよねたぶん。安いから使ってる人が果たして移行するのだろうか。	0	
しかし、画面下のメニューキーが無くなっていたのでどうしたことか!?と思って調べたら、基本4.0からは標準では無しで、AQUOSやGL07Sみたいに付いているのが異端だったのね。これ、結構不便なんよなぁ。	0	
もはや、iOS 7より上を入れられない、あいほん4のバッテリーが一日もたないのは仕方ないとしても、去年バッテリーを交換したガラケーまで一日もつかもたないか微妙…っていうのは、どうかと思うんだ、シャープさん。。。(+_+)	0	
シャープ公式のノリほんと嫌い垢消せや	0	
シャープのスマホはゴールド・エクスペリエンス・レクイエムされたんだと思う。１．電源を入れる→２．起動準備→３．起動準備がキャンセルされる→４．電源が入る→以下無限ループ	0	
ゼミ卒アルのページをコピーしようとコンビニへ行くも、３店舗回って全て使用中、しばらく待って順番がきたはいいがデータが重くてコピー出来ず、電車を逃してターンエンド！	0	
ブラウザ版は省略されてると思ってたBGMや音声がスマホと全く同じように出たのにはちょっとビックリしたスマホ版より画質がいいし、マカロンの消える動作が速いSH-07Eのスペック不足か？^^;他のゲームだとBGM省略されてるしな～DMMに負けてますよ、amebaさんｗ	0	
シャープ 偶発債務3500億円か | 2016年2月25日(木)経団連よ何も手は打たんのか！？松下幸之助の経団連は国家・国民・企業人そして人間哲学の経団連だっただ、御手洗辺りからは軽薄な禿げ鷹集団になってしまった？単なる規模の大きい金儲けの集団に！松下氏は草葉の蔭で・・・	0	
ZETA君が最近異常発熱したり、5分で電池20％消費したり、メールアプリを開くのに1分以上待たされたりと、だいぶお疲れのようだったので、意を決してセルフ機種変した。SH-09D→SH-01F。またSHかよ！ｗ	0	
コンビニのコピー機は故障中で、サニーのコピー機は、ロープで、立ち入り禁止になっていた。	0	
あ、Xperiaのusbカバーがね ボキッって折れて 塊みたいなの取らないと 換えのカバーつけれないから今から携帯分解する	0	
維新の合流条件が、党名変更ってのは、シャープの支援条件が、雇用維持ってくらい滑稽だなー。本質離れた意味無し条件。	0	
スマホの画面端に変な線が出たまま消えなくなった。昼に軽く床に落としたら更に広がったので操作に問題なかったけど修理に出した。いつ帰ってくるのかな... 106SHから買い換えたのに代替機がまたSHARP。206SH。微妙に使いづらい。そしてボロボロ	0	
会社の未来が急激に先細りするシャープ先輩。	0	
オハヨー！手の付けどころはシャープじゃない気がする…ってオレの思い過ごしだったらいいけど。	0	
経常収支の黒字が急増しているシャープや東芝は負け組だマイナス金利をもっと強めなくては	0	
iPhone6には、選べる容量が3種類あります。16G,64G128Gこの中の三種類から選ぶわけですが、今使っている機種のデータが多い場合iPhone6にデータ移行する場合に、容量がなくなったりしてしまうことがおおいです。なので余裕のある容量を買うのをおすすめします。	0	
SHARPのひどい有様を見ると、10年以上前の経営危機をルノーとの提携・カルロス・ゴーンの招聘で乗り切った当時の日産の判断がいかに賢明だったかがわかる。	0	
先月ココロボを買ったんですけど、未だに検知されたの「起きて起きて」と「きれいにして」だけで、「ココロボ」と「おはよう」は検知されなくて「わからないよ〜」って言われてますあいつ踏みたい。	0	
iPhone6S凶器や、嫌い（笑）口内炎やっとなおったのに口におもクソぶつけて痺れた口内炎なりそうな予感	0	
フリーのpdf作成ツール使ったらセブンのコピー機が読まない件	0	
ちょっと待って！アクオスちゃん画面つかなくなったんだけど！？	0	
裏帳簿のつけどころがシャープだね	0	
セブンでのチケット戦はコピー機使いに来る客の乱入があるからつらい…	0	
ローソンの店員💢💢💢コピー機詰まったって言いに行ってしょうしょうお待ちくださいっつってから放置なんやけど💢💢💢💢帰ってこいや💢💢💢	0	
Xperiaのスペックをちょっと調べてたら、ブラウザの広告がXperia一色に。これが数日間続いてる。どんだけ広告費出してんだソニー	0	
シャープは、契約締結の直前に爆弾吐き出したからなぁ。あんなことしておいて、株価も買収もなんとかなると思っていたのなら、経営陣は無能極まりないわ。目の付け所が全然シャープじゃないわ。('A`)	0	
xperiaの磁石でくっつく充電器すぐ取れてしまう(´・ω・`)安物すぎたかな(ヽ´ω`)	0	
なんである アイである ルンバがいつもそこだけよける	0	
オタクに媚びる姿勢の企業系Twitterアカウントの総本山としてのシャープ	0	
iPhone6＋、ポケットにいれて座ると割れるとか曲がるとか。前ポケットに入るいくやさんなんやけど←	0	
機種変更だと値段上がるXPERIAユーザーは...	0	
シャープの高橋、やっぱり君は保身を優先させたか。学生の時から自分を守る事しか考えていなかったな。君では荷が重いとは感じていたけど、残念だ。	0	
使って丸2年のAX、持つとメキメキ音がするし液晶の四隅に浮き？空気が入った感じになってきた。Sonyタイマーなのかな。ちなみに当たり端末で不具合なしでした。予約して発売日に購入したけど尿液晶じゃありません。 #Xperia	0	
お互いに考えが足りなかったのかな？シャープは偶発債務を予想してたけど、ギリギリになるまで言わなかったとか？でもそれを予期できないホンハイもホンハイやな。	0	
シャープが液晶一本足打法で液晶のコスト競争に巻き込まれて死んだ的な話、弊社disにしか見えない	0	
Xperia Z5 Premium購入。色々セットアップしてほぼ完了。しかしPSO2で使って居たワンタイムパスワードアプリが常にサーバ障害エラーを出し続けて使えない。古いXperiaにインストールしたものを仕方なく使いつつ、物理キーをAmazonお急ぎ便で購入するなど。	0	
うちのTVがシャープのアクオスだってことを思い出した！台湾企業になるのね。サポートはどうなるんだろう。海外のサポートって印象よくないんだけどな。	0	
Xperia専用Twitterがゴミやっただけやわ	0	
iPhone6sはSoftbankで予約してしまったけど、一部ユーザーだけの優先予約メールやMNP引き止めポイントなど、不公平な情報をネットで知ってしまい、やっぱりキャリアから抜け出したくなった。	0	
携帯修理完了したからとりにいったら40分待ちとか言われてむかついて辞めただるっ。今日仕事終わりに行けたら行くか明日行くだるっ。もーこのくそXperiaいらん。	0	
端末アンドロイドに替えようと思うんだけどどれがいい？って何人かに聞いたらとりあえずアクオスフォンだけはやめとけとしか言われないからオススメ教えて( 'ω' )	0	
この延々と繋がらなくて、バッテリーだけみるみる減ってくる感じが、SHARPのゴミみたいなガラケー使ってた時と変わら無いんだよね、だから結局のとこiPhoneの責任じゃなくてauの責任もあるんだよ、もうほんとね、ツラい。	0	
やっと更新終わってさぁ、ぎりぎりダウンロード始める→エラーが出てダウンロードできなかったんだよーm(。≧Д≦。)mなんだよ！私はセブンに更新しに行ったのか！(注:コピーをしに行ったんですw)	0	
【3Dについて】スマホ：SH-01Fモード：3D（軽量）曲：おねシンPRO結果：処理落ちしすぎて無理結論：3Dモード使えません！！！！！！！！！！！！！！！！！！！！！！！！！！！！	0	
XperiaのCMってなんか正気のない人ばっかりだな。	0	
動画のイメージニコキヤノ→まあ無難だよねペンタ→K-01酷かったよねソニー→速攻オーバーヒートしたよねリコーとフジ→まあ印象に残らないよねシグマ→動画撮れたのかお前パナ→手振れ補正インチキだなオリ→なぜか動画を撮ろうと思わない	0	
いつの間にかiPhone6のガラスフィルムの右上にヒビが入ってるが、大阪戻らんと予備がないのでしばらくこのまま。いや、週末に買うか。	0	
AQUOS Padイカれてきたしこれサブ機にしてそのうちスマホデビューしよ…	0	
Xperiaのイヤフォンジャック壊れた。プラグに反応しない orz	0	
俺、もうシャープ製品なんて二度と買うかこんな粗悪品売りやがってどんだけ壊れるんだよバカじゃねぇの？2代目の携帯もシャープ製だけど、全て不具合が出たそしてリコールも出さないし、ほんと商売する気あんの？無いなら止めろ金の無駄金返せ	0	
エモパーにひっくり返してもしゃべり続けていいよ、ってどこに言ったらいいかわからないんだぜシャープさん…ベッドに置くとスピーカー下になるからもごもごして聞き取りにくい	0	
シャープ売春！？	0	
私のとこだけじゃ無いってことはやはり気のせいじゃなかったか。ちなiPhone6。フルコン判定に影響は無いのだけど、曲の締めが締まらなくて気持ち悪いので直せるなら直してもらいたい…。	0	
iPhone6アスファルトに落としてあえなく玉砕。割れたディスプレイに有料サービスに手を出してまで保護フィルムを貼ってとりあえずこの先ずっと鬱。メーカー保証だけだと本体交換で3万以上かぁ。初期不良交換して以来フィルムはがしてたのがだめだったのか。	0	
てか スマホの充電の線Xperiaに変えたときついてると思ったらなくて どうしよ	0	
#過去の過ちを晒していくコンビニのコピー機を壊したこと	0	
【正直が過ぎる #コネタ】#Panasonic の #4K テレビのサイトに「実際に近づいてみて、フルハイビジョンと4K対応テレビの美しさの違いを見比べてください。」って。近づかないと分からないって、自ら語る正直さに驚いた！MSとかならありえない！か、意味に気づいてないか💗	0	
iPhone6でラブライブやると指ぎり届く感じだから疲れるww	0	
シャープ(TдT)	0	
シャープのロボット型のケータイ、絶対イライラが最高潮に達して我慢できず一升瓶でボコボコにすると思うから買えない	0	
ルンバちゃんおせぇ……。	0	
Xperiaと言うかandroidの内蔵メモリから外部ストレージにファイル移動するの面倒くさいな。移動用のアプリもあるが今の所どれも微妙に使いにくい。色々探すか。	0	
パナソニックってしつこいストーカーだなあって思わないあなたが変人。	0	
スマホカメラ(SH-02E)はf値低いのが特徴だが どのスマホでも言えるがやはりズームすると画質が汚くなる それと、マクロの時にせっかくピントが合ったのに撮るときにはピントがずれる それがスマホカメラでは満足できないという点だ やっぱりカメラ欲しい	0	
今日機種変してきました笑普通のスマホからiPhone6plusに変えたくそでかすぎる笑	0	
音ゲーガチ勢にアクオスフォンでデレステやらせると憤死しそう	0	
妹のSH06Dがカメラ起動しなくて買い換え検討してる	0	
Xperiaのスペックも考えてくれよ敵が多いとカクカクになるんだよ	0	
simはXperia Z3 Compactに替えてからnanoサイズ。とても小さい。とりあえず食事を済ませ、寝るためにコンタクトを外していたので新たにつけ直していざ捜索開始！幸い窓際の席だったので怪しまれずに済んだかな。　続く。	0	
待って、コピー機壊れてるからコンビニ支払い出来ない詰んだ	0	
iPhone5とiPhone6Ｐlusの電源の位置が違うから今のところ98パーセント間違ってしまってる。	0	
SIMなしXperiaは2.4GHz帯のWifiの一部チャンネルを掴めないらしい。30分近くはまってた。知らんわ以外の言葉が無い。	0	
100パーからの1パー攻撃に耐えられない、明日ショップにみにいこう、Xperiaちゃん	0	
iPhone6バキバキのやつから変えたのはいいがバカみたいに落としてる😂😂さっきもなんかフリーズしたし😂😂奈緒さん並にiPhoneとの相性が悪い悪い😂😂😂	0	
つーか今日買ったばっかのiphone6を早速ソフトバンクストアに持ってくとか破壊神かよ	0	
ガリ版で冊子を作ってた大学生は僕の学年が最後だろうな。それ以降は、プリントゴッコをA4判にした機械で転写して印刷してた。コピー機は生協とコンビニにしかなくて、高いし質が悪かった。	0	
昨夜iPadの金属ボディは冬場冷たくて嫌だなーと思ったが、そういやここんとこ使ってるXperiaもアルミボディで去年冷たかった。北国だとプラボディスマホのが人気だったりするかな。さっさと手袋しちゃうからむしろ関係ないか？	0	
おはょおはょ！！iPhoneのﾊﾞﾘうるさい目覚ましとめっちゃしつこいXperiaの目覚ましでやばくうるさかった！！！iPhoneのだけで充分やったなぁ！！今日ゎ5時からそらちゃんday👍💕ﾊﾞﾘ星の綺麗✨三重のみくとも会う予定！！喋れるかな！人見知りが…。ωω	0	
てか来週本番なのに未だにアンコール曲コピー出来てないわろ。家のインターネット繋がらないわUSBにいれたのコンビニで印刷できないわでおわこん状態✋本番までにコピーできるかな（笑）てかクロミちゃんのファイルなくしたかも😭。LINEリプは落ち着いたら返します😴	0	
そう、販売とかってなるとめんどくさいから図案作ってPDFとかセブンプリントで登録だけしてみんなよかったら使ってにでもしようかとおもって　だだそうすると紙質がどんなんか	0	
職場でルンバの清掃能力の話になり、やはり一番汚れが溜まりやすい部屋の角がイマイチ綺麗にならない所が弱みである、という結論が出たところで「過度に期待するのは良くないってことですね！」という言葉を飲み込んでしまい、俺も丸くなったなと感じた。	0	
東芝もパナソニックもラグビーしてる場合じゃないだろ。	0	
Xperia Z3もおま国じゃねーか許すまじ	0	
SOL26にConcept for Xperia入れてみたけど機動しないな	0	
書類できたからセブンで印刷しようと思ったけど、データがチープすぎて多目的コピー機に対応してなかったでござる。文章打つだけだから横でも良いからメモ帳使ったからな！チープすぎるけど、メモ帳ってかなり昔から廃れずにあるからな！！！	0	
コンビニのコピー機をつまらせたらもっとめんどくさいマン。	0	
シャープさん、もの作りに燃えてすごく頑張ってたのに、いかんせん資金繰りがうまくいかず。外国の人にも頼って資金を調達しようとしたけど失敗、身内からは文字通り身を切られるありさまに。ちなみにこれ、映画『クリムゾン・ピーク』の内容です（主人公の結婚相手がシャープ准男爵）。	0	
シャープ機とかカメラはシャープﾅﾝﾄｶｶﾝﾄｶフォルダとかオリジナルだし、あの糞仕様だと同期しなさそう…。	0	
iPhone6ひび割れ4回目おつかれ。	0	
カーボンのメイン弱いみたいに言ったけど一確キルできるからシャープよりは強いと思うよ✋	0	
Trouble Busters初フルコンうれしい。サブのタッチパネルの方がSFに向いているような気がする。シャープの方は拾いすぎる感じ。	0	
隅に置いてあるコピー機を使っていたら、コンビニ店員が執拗に掃除をしてきた。若い女性だったので注意してもクレーマー扱いされるだろうから我慢して、済ませた。新聞の切り抜きを拡大コピーしたくて時間を食ったかもしれないけど配慮してよ #FamilyMart #ファミリーマート	0	
ワイモバイルで機種変更(契約変更)になると、高スペ機のNexus5やAQUOSは実質負担があるし、Nexus5Xは言わずもがな。DIGNO C/Sprayに関しては04SH/10Kに比べてロースペ機になるから正直実質0円でやって欲しいよね	0	
ファミマプリントからDMきてないかなしみ	0	
シャープ、決算資料を見る限り利益出してる部門も多々あるんだけど、液晶と太陽電池の構造改革費と利払いが大きすぎて赤字になってるイメージ。つまり、液晶と太陽電池を切り売りしてその金で借りた金を返せば良い、と言う話になるのだろうけど、まーうまく行かないんだろうな。	0	
Xperia Z Ultraつなぐとずっと音源HDDがアクセスしまくりになるんで、新しいWalkmanでるまで我慢すっかな…10年ぶりにWalkmanに出戻りかー。	0	
auでZ4が【３台】１６.２万円 CBって頭おかしいよなぁ・・・シャープよりこっちの方が中古で売りさばくにしても良さそうだから、って危ない、こっちは一括購入サポート対応機種だ、違約金かかるやん。SHV31が3台で１２.３万円CBで我慢しておこう(w	0	
9年間酷使したSONYブラビアが殉職してしまいました。別室に設置されていたSHARP LEDアクオスを移設しましたが、画面が32→24インチへグレードダウン…音質もアレなので、やや困っています。	0	
母親のｄｏｃｏｍｏのスマホ（ＳＨ）がすぐ電池切れると泣き疲れている	0	
スマホだとデータ喪失が不安とかそれシャープ製品だけだから！	0	
みんな会社の安定度とか給料とかで仕事先選んでるけどそれ間違いだから。大企業なら安心？その考えがすでにダメ。シャープや東芝見てみろよ(・_・)	0	
クソオオオオオ!セブンでコピーしておつり取り忘れたのに気付いて戻ったときに全てすられてた！シーフにやられた！	0	
iPhone7うっすいなぁ…。兄上のiPhone6plus触らせてもらったけど、薄かった…それより薄い？…折れてまうwww	0	
64GBが出るのは嬉しいけど高そう。Xperiaよりは安いかなあ。	0	
つい最近気付いたけど、スマホで表記されないツイートがいくつもある。PCからだと問題無く読めるのに(謎)最近XPERIAをアップデートしたからかな？うーん。原因がよく分からん。	0	
経営陣の退任は求めない、ってそらシャープは鴻海選ぶわなと同時にシャープ低迷の理由も経営陣だろうなーとおもった	0	
修理に出したXperia、結果としては「修理という名目でどこもそこも壊れてるからという名目本体一台分の修理代がかかります。」という話で、４万以下で買ったしろもんに４万以上もさらに出せるかアホか…	0	
Xperiaたんのケースが割れてる…!結構簡単にパキっといっちゃうのね(ृ    ु‹:) ु	0	
ｱｸｵｽは論外 ﾋﾞｴﾗはなかなか頑張ってるけど不明な点が多い、だから明確にゲーム用モード搭載してるって言ってるのはブラビアとレグザだけ	0	
そーいやXperiaの液晶が割れてからFM聴いてない	0	
シャープ時代のスマフォにはありえなかった事がクソペリアで…	0	
シャープ株落ちすぎてやべえ	0	
iPhone6sのバンパーが、どうもイマイチすぎて買い替える若干電波干渉を起こしている感じもするし、なにより金属なので重いさらに、接合部分がフラットになっていないので、よく指が引っかかる本当に良いものに出会うまで、時間と費用が掛かりそうですそういうもんですよね	0	
やっとXperiaで5.0配信されたか。インターフェースは前の方がよかったな	0	
元々紙くずみたいだったシャープの株価がトドメの暴落みせた。そりゃ倒産の決定打がうたれた会社の株なんてさっさと手放したいわな。他の大手も同様だと外資に見限られたら来週は日本株総株安となるな。今までは海外のせいにしてたのが今度は日本発世界同時株安となるわけだ。やっちまったな・・・	0	
さっきアホのにいちゃんが部屋の布団にダイブして暴れたからゴミ箱が倒れて中の細かいゴミが散らかったてルンバちゃんに掃除してもらおうとルンバちゃん連れてきてスイッチオンしたら盛大に散らかされたやっぱり人の手が一番かもしれない	0	
あの頃は本当に何回エクスペリアを投げつけたかわからん、	0	
やっぱりルンバケーブルの類引き摺るなあ	0	
ＲＴ＞シャープ則堕ちやないか（震え声	0	
スマートフォン故障した。シャープ○ね	0	
関西熱視線のSHARP特集ですが、「目の付け所がannsharp」路線が悪化してるなという印象。誰が冷蔵庫と会話したいかと、携帯電話が人型である意味がどこに有るんやと、そもそも論としてツッコむ人はいなかったのですかね…ツッコミ不在の恐怖タグがついてます。	0	
しかしＪＡＰＡＮ ＰＲＥＭＩＵＭで売り出しているパナのＣＸ８００Ｎ５５インチの液晶画面の４隅には驚いた。デモ画面ではわかりにくいけど、明らかに煤けたように暗い。クレームがつかないか心配するレベル。展示品だけならまだいいけど…	0	
自撮りできる棒みたいの買おうと思ったらiPhone6plusが非対応だった(´･ ･`)	0	
シャープの最初のスマホIS01も変態端末だよなあ～2.3にUpdateしなかった恨みは絶対に忘れないが！	0	
粉飾の仕方がシャープだったんです？	0	
ミクペからZ5Cへのデータ移行をXperia transferのWi-Fi Directモードでやっているけどリストアップが15分経っても終わらない うーん	0	
ところで車のバッテリーの寿命ってやっぱり年数なの？ディーラーのバッテリーテスト結果は半分以上なのにガソリンスタンドのバッテリーテスト結果は危険レベル。後者のチェッカーはパナソニック製でした。ここまで違うと正しい寿命判断が出来ませんね。	0	
セブンイレブンの店員さん、コピー機の扱い全然わかってなくて、勉強しなきゃですね……っ///とか言ってレジに戻っていった。おい！！！！！！	0	
背面はSH-06Eとほとんど変わらんが、ディスプレイが熱いぞ	0	
産業革新機構にしたって、シャープの液晶事業に出資したとして、ジャパンディスプレイとくっつけようとしても困難だろうし、もてあますと思うがな。そもそも、ジャパンディスプレイも上手くいっていないし。	0	
なにあのシャープの社長の記者会見のドヤ顔は。潰れそうだから助けてください！という立場だということが分かってないぐらい経営陣はダメダメなのか？	0	
WBSでシャープのリストラのニュース観たところなのに、シャープの中の人は相変わらずでエエなぁ。	0	
ルンバの面倒みるの疲れるわ	0	
WBSで2018年の新iPhoneに搭載予定の有機ELの開発が鴻海のシャープ買収の一番の目的ではみたいなこといってるけど、今から始めてあと2年でサムスンやLGに勝てるわけ無いし、そんな鴻海考え無しじゃないやろ！視聴者バカにすんのも大概にせえよ！とか思った。	0	
SHARPの携帯のバグ。2016年になると、2015年1月1日木曜日に戻る。使えない事は無いけど、履歴とか曜日とか混乱するね。曜日合わせたいなら、2010年にする必要があるな。しかし、どういうロジックで2015年に戻るんだろう。	0	
年賀状、郵便局に行けばスタンプが置いてあるから前はそれを普通の年賀状に押してたけど去年からはイラストが印刷されているものを買っちゃってます(^-^;パソコンないからねwコンビニコピー機じゃハガキ印刷は嫌がられるんでしょ？#nhk_suppin	0	
パナ、京セラ、サムスンと違い、堅実さを欠く。昨年太陽光バブルで、中国産シャープブランドで儲けたが、実質上輸入で稼いだもので、国内の工場止めたから、血税を中国に流しただけ。それなのに、太陽電池分野の年寄りを雇い続ける首尾一貫しないリストラ策。こうなるのは見えてたし、多分潰れるよ。	0	
Twitterの影響すごいな。シャープみたいな企業も潰しちまうんだからな。企業公式で気持ち悪いツイートはしてはいけないいい見本になったな	0	
安部君って東芝やシャープの経営者たちと同じ無能のトップだね。作られた数字で威張りくさって。人を小馬鹿にしたように笑う。最後はあいつらが会社を潰したように、国を潰して下痢便垂れ流して退場だ。	0	
iPhone6のイヤホンジャックって上？下？私使ってるのiPhone5sなんだけども、イヤホンジャック左下なんだよ。なのに、かわいいイヤホンジャックのアクセサリーとかってみんな上に付けるやつばっかなんだけどどういう事なん。かわいいやつつけさせろ！！つけさせろ！！	0	
8インチタブレットが修理に出て行った。。。スクストはXPERIA TABLETでできるけど、外に持ち出すには大きすぎて不便なんだよね(´・ω・`)まぁ、iPone買い換えれば8インチタブレットは不要だけど・・・	0	
何よりすげぇなってなったのは通信制限来てても1度も止まることなく聞けたこと！前のiPhone6は通信制限来たら止まりまくってめっちゃウザかったのに！Android最高･:*+.\(( °ω° ))/.:+というかau最高･:*+.\(( °ω° ))/.:+	0	
もうホントはよiPhone６個押し以上対応してくれ	0	
拝啓過去に栄華を極めた株式会社シャープさんへ祇園精舎の鐘の声、諸行無常の響きあり。 沙羅双樹の花の色、盛者必衰のことわりをあらはす。 奢れる人も久しからず、唯春の夜の夢のごとし。 たけき者も遂には滅びぬ、偏に風の前の塵に同じ。敬具&gt;RT	0	
ぺリアたんはなんだかんだかわいい。。と思ってる。。galaxy系はどうしても画面の発色が好みじゃない。。あともうシャープ製のにはしないんだから。。！（容量問題を根に持っている）	0	
ココロボちゃんがやっぱり調子悪い。湿度が100%と認識しっぱなしで、携帯に温度と湿度が高いっよって連絡が頻繁に来るようになった。シャープのカスタマーサポートのお姉さんが言っていた通り持ち込みで中身を見てもらうしかないかも	0	
いい加減もろもろの写真をプリントしに行きたいんですけど、元来コンビニという空間が苦手なので……出かけてもなかなか足が向かない。	0	
ファミマで悲しみに包まれた。。500円分(いつもより高め)の買い物でTカードを出し忘れ、その後にファミマプリントで印刷したブロマイドが真っ白で泣いたorz	0	
Xperia Z5 premium明日発売(´∇｀)価格は93000円程。しかし、月々サポートが付いても72000円は高いだろ(´-ω-`)割引が月900円って( ノД`)…	0	
シャープ:３００億円黒字一転…３００億円赤字見通し発表【毎日】販売競争激化で主力の液晶事業の採算が悪化、テレビ事業も赤字･･･欧州の太陽電池事業縮小などに伴う特別損失をカバーし切れず←３００億黒から３００億赤。見通しが甘い、なんてものじゃありませんな。	0	
背面スベスベ過ぎてヤバい、ストラップ無いと速攻で落とすな… #XPERIAアンバサダー	0	
周りでCytus、Deemoやってる人結構いるからCytusやってみたけどXperiaデカ過ぎて萎えそう＿|￣|○ il||li真ん中まで親指届かねぇ(；´･Д･)人差し指の持ち方も全然やってなかったから出来ない(´・ω・｀)	0	
なぜかシャープのスマホだけがパソコンに認識されない謎。機種名は出るのに、データ転送ができない	0	
見学会楽しくて写真とりまくってたらAQUOSパッドさんの電池が死んじゃった(;-;)	0	
ワードファイルはコンビニプリントできないのかしくじった	0	
CADのA3印刷が大学でしか出来ないのが最大のジレンマ。家のプリンターでカラー印刷してコンビニでA3に拡大コピーすると汚くなるし	0	
割とシャープとか夕ニタとかあの辺のキャラ作りして身内ネタで盛り上がってる公式アカウントも苦手	0	
シャープついに詐欺ったか	0	
妹の結婚式のBlu-rayが来たんだけど、AQUOSの調子すこぶる悪くて急遽player買いに行くよ‼︎ 出費‼︎	0	
がははははは　幹部の保身のために会社と社員の未来を投げ捨てたわけ #sharp	0	
#XperiaZ4 に機種変。#SH-02E と比べて微妙にバッテリーの減りが早い気がする？パケ詰まりに悩まされるよりはマシなんだろうけど、うーん。なにか停止させた方が良いプリインストールアプリがあるのかな。	0	
日本の技術は昔から素晴らしいのにSHARPのような事になってしまったのだろう。昔、海外のビジネスマンに聞いたら世界に対するプレゼン能力と交渉能力が人一倍ヘタクソだって言ってました。所詮、デフレ時代に何もせずヘコヘコお偉いさんのご機嫌とってた奴らが社長になってるんだからそりゃ無理。	0	
最近ルンバの旋回がイマイチになったきたので	0	
うんこはXperiaうんこ色言ってたからやむを得ないね	0	
Xperia Z Ultra(SOL24)でデレステやってみた。予想通り同時押し反応しないね。手で持つと完全に反応するけど。3D標準はぬるぬる動く。	0	
訳ワカンねぇエラーで仕事おじゃんだし、コンビニのコピー機に50円入れて10円分コピったお釣りが100円で帰ってきたり、家に着いたら近くのゴミ捨て場から目覚ましの音がチャリチャリ鳴るしで奇妙な1日を味わった。	0	
キーボード画面出て文字入力出来るのに画面に文字が標示されないという俺のスマホはどこまで進化するんだろうなぁ、SHARPさんよぉ！	0	
「最新のOSを搭載するために余計な機能は搭載しませんでした！どやぁ！」と言って発売したフラッグシップモデルの104SHを一度もOSアップデートしなかったシャープとSBMの罪は重い	0	
エクスペリアの宣伝気持ち悪いのね~だから〜私は？気持ち悪い！	0	
今使ってるスマホが突然USIMが抜けるって不良が多発してるらしく、アタシのも漏れなく定期的に抜けるんだけど、これってなんでリコールになんないのか不思議。どうにかしろよシャープ。	0	
今使っているドコモのスマホSH-04E、先日ソフトウェア更新したら、その後Androidブラウザが頻繁に強制終了するようになった。ソフトウェア更新したら、普通動作良くなるんじゃないすか？(*｀Д´*)	0	
アクオスが電源付いてるのに全く映らなくなった原因不明の黒画面。こういうの昔聞いた事ある。サイディング・スプリング彗星と関係あるの。	0	
My 1st iPhone 6s prob occurred just when I was expecting a call from my agent.派遣の営業から次年度の件で電話が掛ってくるって時に去年新調したばかりのiPhoneに不具合が起きるｱｲﾛﾆｰ｡	0	
トンデモ商品作ってそれを愚かな大衆が有難がって買うから日本の家電産業はダメになったって話、シャープには余り当て嵌まらんよなあ。トンデモっぽいのはプラズマクラスターだが、それがダメだった性で会社傾いたんじゃなくて、事業の柱だった液晶の方で躓いた訳だしなあ。	0	
AQUOS PHONE、よもやのディスプレイ部液晶凹み。きれいに面一だったのに…保護フィルムなんか浮いてるからおかしいとは思ったんだが…orz…	0	
スマホ勝手に壊れて「HTL22　通話音が小さくなって聞き取り不能　カメラが紫色」修理じゃなく新規交換になりました。新品来たけどまた同機種やった(泣)同等機種のXperia要求したが駄目でした。	0	
数時間前の自分「USB見っけた！これでこれで勝った！終わった！」→セブンコピー機「お前のファイル保存形式くそダサい（対応形式じゃなかった)」　数時間前の自分「　」（30日残りわずか☆)	0	
シャープはスマホ以外にはプラズマクラスタのイメージしかないんだが・・・	0	
Xperia tablet zはドコモではAndroid 5.0にはしてくれないはず(ｰｰ;)スマホだけ優遇するってどうゆうこっちゃ。。グローバル版の方をroot化して、再度SIMロック解除というまわりくどいことをしないとあかんことになるのね。。←root化の残念なところ	0	
写真プリントしようとして、枚数が多かったから7分くらい待ったんだけど、用紙が無いって出たからローソンの店員に声かけたら、「今切らしてまして」ってなんの詫びる様子もなく言われて、どうしたらいいんですか？って聞いたら、「他のコンビニに行って頂くしか…」おめーが紙もらいに行けよ。	0	
Xperiaz3を一日使って思った悪いところはauから出てる本体カバー付けてると付属のクレードルが使えないことかなぁ…他のXperiaシリーズはよく知らないけどこれは痛いねまぁ裸で使えばいいんだけど	0	
あまりにも調子の悪かったsh-01e今日の朝に、エクストリームアラームが止まらなくなる現象が発生電池に抜いてなんとか停止ぐあーっ！ということで、またギャラクシーの方にアプリ移行して初期化。	0	
今の携帯の音量調節の位置だけ不満だから２年縛り終わったら次のに買い替えようと思うんだけど、シャープのがいいんだけどシャープって電池消費の為に本体の性能はよくてもフルに性能発揮できないみたいな評判あるからぐぬぬ	0	
みんな、SoftBankのアクオスフォンとかいう糞携帯は契約しちゃダメだぞ！	0	
ここのファミマ！コピー機がねぇ！！！！！！！！！！テメーの血は何色だーーーーー！！！！！！！	0	
セブンはコピー機ってのが気に入らないから嫌	0	
AQUOS PHONEてｽﾏﾎの銘柄があるが、プレゼンの担当者の棒読みっぷり、デザインのセンスのなさ、電源入らなくなる病、この辺りがよくあったかな。今は結構空気メーカー。	0	
シャープがホンハイに買収されることが決まり、さてネット上ではみなさんどう反応してるのかしらとツイッターを見にきたら…あれま錦織くん負けたの。単に印象かもしれないが、彼、このドローなら優勝狙えるんじゃない!?  ってときに限ってよく負けてないか…。	0	
Xperia種類ありすぎ何がなんだか…。やっぱりiPhoneが良いなぁ。旅行用にするには勿体なさすぎるけど。	0	
購入から20日使用回数3回目でパナソニックの日本製を謳う布団乾燥機の電源が入らない。ネットを検索すると修理上がり品も売買されている。構造的な問題があるのかもしれん。購入店舗にメールを出したところ。＃パナソニック	0	
あのなんだっけ・・・リナザウは良かったけど、その後で出たUnix系のOS載ったシャープのアレ。あれはキーボードがイマイチだったけど、サイズ的にはあれくらいが良いかな、って思ってたのね。EM-1とか。イマドキの大き目スマホにキーボードついたらあれくらいかね	0	
マベさんや、極魂Android対応機種増やしてくださいね。13日までに。遅くとも先行申し込み締め切りまでに。スマホだけじゃなくタブレットも。極魂のためにXPERIA買ったのに非対応なんすよ。やりたいのにできないんすよ。	0	
しかし困った...、ガラケーに戻るとしても...W61SHがバッテリー死んでて常にモバブー必須...orz	0	
うーむ、さしものAQUOS PADも、ここへきて電池がへたり始めてるのかも知れない。最近ちょっと減りが激しくなってきた感がある。まあ約2年フル回転と言っていい勢いで使ってきたからなあ‥‥‥。	0	
ゆるい公式アカウントの会社大体ヤバイ会社しかねーな。。　シャープとかNHKとか。。　あんなん許可してる時点で内情察しろという話だが	0	
この携帯にしてからシャープの広報ツイートにはげ上がるほどムカつくようになった人間なんだけど、どう？	0	
AQUOS Kは一応WiFi載ってんのか。しかしタッチパネル無しのテンキーオンリーでインターネットするのって、かなりストレス溜まりそう。	0	
【緩募】デレステのスクリーンショットを取る方法。普通にやったら真っ黒な画面しか取れなくて困ってます。AQUOSPhoneZeta SH-02Eです。誰かお願いします･･･。	0	
Xperiaの液晶割れた！！！！！！！！！！！！！！！！！！！！！！！！！クソ！！！！！！！！！！！！！！！！！！！！！！！！！！！	0	
シャープは自ら滅びの道を歩もうとしているのか･･･南無南無	0	
買って以来使わずにホコリ被ってた205SH、root取ってフラットSIMも入れてバッチリ使えるよえに準備したんだけど、持ち出して30分で、もうきつい。。。。音楽プレーヤーとしてすら使うのきついぞコレ。。。。。。。。。。	0	
こないだの新刊はComicStudioじゃなくてClipStudioPaintで描いたんですけど結構慣れないと慌てふためくね(´ρ`)コミスタでおなじみのトーンが入ってないのが痛い　トーンはグレスケをトーン化で表現するのがメインみたい？コンビニプリントだから敢えてグレスケのまま	0	
ミニストップのカードリーダーがPanasonicのごつい奴になっていて、テンキーとディスプレイになってる。どこにかざせばいいか分かんないから、ここかな？ここかな？って試行錯誤しちゃう。どうも単に感度が悪いだけみたい。機能が増えて性能が下がるの巻。	0	
あとセブンのネットプリントのやつやってこようと思ったんだけど、どこもインク切れ…	0	
iPhone6plusモンストを大画面でするために買ったのにモンスト飽きてマジで後悔してるなぅ	0	
エクスペリアさん修理だしたヽ(´ー`)ノ	0	
非常事態発生XperiaのUSB接続部分が変形して繋げれない	0	
帰ったらルンバが座標して死んでた	0	
エネループステッカー貼っただけかと思ったらパナロゴ剥がしてるw	0	
国産スマホねぇ･･･SH-03C：初期不良連発で早々に買換F-05D：伝説の名機。通称カイロスマホ以後国内メーカーのは買わなくなった。ワンセグやFeliCaに赤外線やら「あれば便利」な機能は「あると問題を起こす」機能だったからね。不必要な「消せない」アプリ満載とか･･･	0	
AQUOSphone ZETA  SH-09Dは本日にて電源ボタンが死にました。画面消すので精一杯、点けたいときはなかなかつかない。代えないとあかんのかなぁ…	0	
シャープの扇風機買って今日届いたんだけどめっさ重い！	0	
無料交換に目がくらんで店員さんから契約事務手数料3000円有無の説明が無かったんだけども、有でも安く機種変できるからええかね。まだキャリア変えるか迷い中。303SHは不具合が報告されてるらしいからなー。	0	
今使ってるシャープのガラケー、分割払いで30,720円もしたんだな。たまに通話で使うだけの状況で2年弱で基盤に不具合が出た	0	
リビングをルンバが爆走しててうるせえ。俺環境庁だから奈良線みたいに静かな新車に置き換えろって環境影響評価書に対する環境大臣意見の提出するわ	0	
このツイート見た瞬間にスマホ落ちたからSHARPさんのお達し。	0	
昨日セブンでやってる刀のやつ印刷しよう思ったらコピー機エラー起こして大変だった	0	
うちのXPERIA(POBox)だと本日話題の♡が登録されてないな。♥が出ちゃう	0	
パナのバッテリーがリコールかかるみたいね・・レッツも対象かな？(´･ω･`)	0	
某シャープ製Android端末では、タッチパネルのドライバ仕様上ナナシスがうまくプレイできない不具合があります	0	
ハロウィンシアン出なかったからコンビニプリントでリアルブロマイド出そうと思ったら昨日で終わってて、ほんとに魔女化する	0	
しかもジュレームの30秒が流れたんだよ？それも録り逃しちゃったってことだよ。頼むよ、パナソニック〜ヽ(；▽；)ノ	0	
XperiaのAlbum、今のは分からんけど以前のはサムネおっそいから嫌いだった	0	
買ってまだ一年経ってないAQUOSブルレコ機が調子悪い。怖いから『パーソン・オブ・インタレスト』全部ダビングしておこうか	0	
雅のカメラは凄くシャープでクッキリしてると思うけど少々ザラザラ感が気になる。値段考えると破格に良いと思うけどね(´ー｀)	0	
【アンチの俺氏によるシャープ家電評】エアコン→夜中にLED煌々と点けるな眠れねーだろ殺すぞ。電子レンジ→秒数指定の温めがワンタッチで出来ない仕様とか頭沸いてんのか。レコーダー→ダビング速度は一つしかないのに「高速ダビング」とかいう名前を付けるセンス。考えた奴は確実に文系。	0	
画面タッチの感度は、SH-01GよりNote3の方が上だな。	0	
シャープのあれ、欲しいかどうかは別として、ペッパーばりに会話が成立するなら、未来ちっくで面白いとは思うんだけどなぁ。ただ、デザインがいつものデザイン過ぎて真新しさが無いのが残念。	0	
呼吸をするように、あたりまえのように、ただそこにいるだけで、バッテリーがなくなっていくだから私はXperia ☆ミ（ゝω・）	0	
iPhone6sのキャッチコピーがすげぇ苦手だ……。唯一変わったのはそのすべてってやつ……。	0	
録画リストはシャープが一番見やすかったんだけどね。ソニーはPS3みたいな画面だからリストは見辛いし…パナも大差ないか	1	
冗談はさておき、セブンイレブンのコピー機なら実寸印刷できるらしい。これは是非とも試さねば。	1	
子供の迎え…途中セブンでデジカメプリントツアートラック☆綺麗だ	1	
自分への誕プレはiPhone6にしよう	1	
エモパー「今日はブラジャーの日ですが、だからと言って他の日はノーブラという訳では無いですからね。女性の皆さんがノーブラだと男性は皆目の付けどころがSHARPになってしまいますからね。」これには笑った。さすがSHARPさん。	1	
すごいファンシーなXperia#rccrp#rpシンリャク	1	
連日の乾燥に耐えきれず、勢いで空気清浄加湿器を買ったぞい！今話題のシャープ製ダス。黒くてカッコいいジョ〜！	1	
でも実際、シャープの製品ってほんと長持ちしますよね＾＾シャープ製で壊れたこと一度もないですもん(笑)我が家には、前に買っていまだに現役で活躍してる家電がいっぱいです#シャープ #品質が良い	1	
SH-04A,F-07C,IS01・・・・・・QWERTYキーボードが搭載された携帯電話はすべてが名機種だった・・・・・	1	
SHARPの人が親切で優しすぎて困る	1	
今日コンビニ行ってチケット発券してきたのだが、払込票をスマホで撮って画像（番号）を見せて発券するのだが、番号の下のバーコードをスキャンしたら反応して数字入力の手間が省けた。ていうか、写真のバーコードをリーダーで読み取れるということにびっくりした(^_^;)	1	
ビール飲んでる間に部屋が綺麗になるんだから、ルンバマジ神マシン	1	
auから発表された新端末、#AQUOS_K #SHF31。早く触ってみたいな～。YouTubeに上がってたタッチ&amp;トライ動画にチラッと映ってたけど、Bluetoothテザリングにも対応してるんだね。	1	
我が家に遂に食洗機を導入することに！ネットで各種レビューを読んでいると食洗機ってパナの一人勝ち？	1	
じょし と入力すると ジョジョー！俺は人間をやめるぞー！と予測変換出してくれる神スマホそうXPERIA Z5ならね	1	
SH-01B(フィーチャーフォン)とかのベールビューにはパターンを好きな画像に変える機能があって、ケモノさんイラストにしたりして楽しんでいたのですが、スマホ・タブレットでも復活しないかなー。VAの弱みを逆に活かした機能なだけに、充実させてほしい。	1	
今までバッテリー消費で機種変したくても6の機種サイズ大きすぎて小さい手駆使して泣く泣く変えずにいたiPhone5ユーザーの皆様朗報です！3月頃から出るApple新機種iPhone 6seは5シリーズと同じ4インチ！4インチですよ！	1	
ローソンプリントのごちうさハロウィンチノちゃん可愛すぎでゎ？？？？？	1	
なんや……タニタとSHARPのツイッター面白いな。	1	
よくベッドに放り出してそのままの勢いで床に落ちたり、稀に車から降りるときうっかり忘れてて地面に落としたり、すごく稀に踏んづけたりするけど、うちのiPhone６ちゃんは元気にやっています	1	
一応、イラレデータからのオンデマンド印刷していた経験からです。機械はコンビニならセブンで使われている、富士ゼロックス社のが綺麗にでやすいです。キンコーズの10円コピー機は実はゼロックス社ではないことがあるので注意を。	1	
そして我が家にきたルンバも可愛すぎる❤w	1	
「弾いちゃお検索」ってアプリで曲を検索してコンビニのコピー機でＤＲし、「タッチノーテーション」っつーアプリで楽譜に起こして自動演奏機能で伴奏させながら歌う。これがまた楽しい。楽譜書くのも楽しい。編曲も楽しい。印刷も出来てよろしい。 #音楽 #楽譜	1	
iPhone6 PlusになってからiPhoneいじる時間が増えた気がする。大画面ヤバい。	1	
ﾙﾝﾊﾞ、カッコいい…	1	
(カメラ)東芝dynabook tab VT484のカメラ、Windows 8.1に付いているというだけでも結構でかい。動作速度も現実的ではあるけど、ソニーXperia Z Ultraの激速を体験してしまうと、もう少し欲が出てしまう。Windows10ではもっと作りやすくなるかな	1	
さらっと冬モデル感想。まともなwifiルーターが出るってだけで満足なのにnexusまで出るのに驚いた。sh-01h悪くなさそう。activeの白、デジタル迷彩が可愛い。note5出ないのが残念。って感想。まぁ買うならz5premiumなんだけど。	1	
SH-01Gが一括で2万位になってたから機種変してみようかな	1	
イーカプからメールきてて、ココロボ筆頭のスマホ連携アプリはあいぽんでも大丈夫って事だった(＊ﾟ∀ﾟ)Androidだけかと思ってた(´∀｀；)	1	
コンビニにプリントしにゆく元気がでない。紙の質と倍率の関係でちょっと歩くセブンイレブンに行きたいのだけれども。	1	
アップルが新「iPhone 5se」を3月に発表か？iPhone 6sスペックで4インチ復活の噂らしい…！！これは結構売れると思う！	1	
シャープって自分の世代だと若干頑張ってた感あるな。子供の頃電気屋のX68000で三国志やってたわ。	1	
一ヶ月ほど前に、ヘアドライヤーが突如壊れて、パナソニックのナノイーを買ってから、明らかに髪の手触りが違って、ずっと触れていたいくらい サラサラというかツルツルの良い状態なの(^_−)−☆髪の毛のツヤは、見た目にかなり影響しますよね♪ これからも美髪な人を目指したいです！	1	
スマホは1年くらいで買い替えてたけど今のIS17SHちゃんのメモリ液晶が好き過ぎて中々乗り換えられない	1	
あとは、何と言ってもパナ機ならではのカスタマイズ性をいかに活用できるか、ここが重要だと思う。状況ごとに直感的な調整ができるように前後ダイアル・9つのFnキー・AF/AEロックの挙動を割り当てて、その上で大まかな撮影設定をカスタムセットしておくと超捗る。	1	
１部だけならコンビニでコピー機占拠したほうが安上がりだよ……	1	
TBSラジオショッピングでお掃除ロボットルンバが税抜き29800円。安くなったなあルンバ。6万くらいしそうなイメージじゃ。	1	
ラグビートップリーグLIXIL杯ファイナル、試合終了、パナソニック 27-26 東芝。パナソニック優勝！ いやーそれにしても東芝惜し過ぎる。最後のコンバージョンキック入ってたら優勝だったのに…。しかしパナ優勝も十二分に納得がいく。強かった。でもやっぱ東芝惜しいわ…。	1	
今のところ店頭で触ったSH-07Fがドストライク過ぎてDocomoに行きたい	1	
ちょっと待ってココロボ筆頭の紹介動画面白すぎてツライwwwww	1	
仕事終わったらiPhone6Sに変える💟最高やな🙈💓	1	
Xperiaほしーー	1	
スマホの機種がシャープ産で、ことごとくＳＨって書いてあるだけで、格段に愛着がわくのだなあ。	1	
ルンバはエネルギーが切れそうになったら動きの鈍る前に自分で補給しにいけるのにね	1	
日立かパナか迷ってパナにした。日立は。値段的にお得感あったけど、前面にあるシャンパン色が我が家には合いそうになくて…。そして、最上位機種がタッチパネルで、店員さんが「スマホ感覚で使えますよ★」って押してくる。…ごめん。私、ガラケーだから。タッチパネルまったく使えない人だから	1	
全世界の人間が使ってて日本から買うの何も難しくもないグローバルスマホ買うぐらいなら日本のシャープスマホの方が世界で使ってる人少ないし好きだよー	1	
#ゴキブリに1つ機能つけて印象良くしろ ルンバのように通った後綺麗になる。	1	
光忠「政宗公、行ってきます！」『あぁ、だが生きて帰れよ、俺からの命令はそれだけだ…』「うぁ政宗公っ…あぁ必ず生きて帰ってくるよ…必ずっ…」※ココロボと話してる光忠と大倶利伽羅「…おやすみ、政宗」『グッドナイト…夢でも会おうぜ』「政宗…っ((悶」#刀剣BASARA	1	
旦那はXperiaを風呂に持ち込んでるけど時々洗ってるということが判明	1	
猫がルンバに乗って掃除しつつコテンって落ちる動画見てめちゃくちゃ欲しくなった。明日用事終わったら家電巡りしてみよー	1	
「Nexus 9」が発表されたけど内容を見る限り、ますます「Xperia Z3 Tablet Compact」が欲しくなった。次は新型iPad miniの発表内容待ちだな。	1	
ほんとこのプリント綺麗なんだよ～；；；コンビニで出せるブロマイドよりも綺麗だと思うしもう家庭用の印刷機論外なぐらい綺麗だからたまらん	1	
らくらく連絡網できなくて高校じゃ迷惑かけたのに今になったらできるんだね（；＿；）これがiPhone6の力なのか😂	1	
XperiaちゃんにAndroidの更新ｷﾀ━━━━━(ﾟ∀ﾟ)━━━━━ ！って、やっと？コレで私も5.0になるの？	1	
最近ふくらはぎが冷えてむくんで痛くてつらいと言っていたら、ずっと欲しかったPanasonicさんの美容家電のフットリフレが……家にあった……！ 母がもらってきたらしいが、いらないし捨てようと思っていたらしい。今使ったら最高に気持ちいい……血圧はかる時に巻くアレみたいで……。	1	
Bluetooth接続というかBTN40の音色が関係しているのだろうけど、Xperia Z3C ＋ BTN40 でM40xを大音量で聴くと中高域～高域がMX10よりも主張する感はあるけど、武藤彩未の「女神のサジェスチョン」でMX10で気づけなかった音に気づけた。	1	
パナソニックパンサーズがようやく今季初勝利。内容も悪くなかった。一安心。	1	
来週ロボット掃除機！ココロボたんの声がしたぞ…	1	
ブックオフで見つけた月バレに永野さんの記事載ってて、その時はパナソニックの話だったけどほんとプレーでもメンタルでもチームを支えてるんだなと感動した	1	
以上、雨のロンドン、ファントム社社長室でした。現場のシャープさん、宣伝よろしくお願いいたします。ワタシもココロボセバスチャンに部屋掃除してもらうのめっちゃ楽しみDEATH！添い寝というマジキ…面白イベント参加したかったなぁ(笑)（枢）	1	
なんでよ！！！可愛いよ！うちの前の子光るんだよ！イルミネーションだよ！綺麗だったよ！！しかも消えるときｼｭﾝｯって画面消えるの！！！マジ可愛い！んで画質割と綺麗だったよ！！！ｱﾞｱﾞｱﾞｱﾞｱﾞ裏切った私が悪かったわ！ｱｸｵｽﾌｫﾝちゃん！SHARPさーん！	1	
新曲の譜面がevernoteに毎日挙がるんだけど、その都度iPhoneからnetprintに転送してセブンイレブンでコピーしてる。もし毎度サイズ譜を自分で作ってるとしたらかなりの時間が掛かるけどこれにかなり助けられてる。ほんと便利になったなぁ…	1	
一個忘れてた、吹田スタジアムの照明のつき方が異常だった。普通は点灯まで時間がかかるもんだけど、１秒かからずに全部点灯した。パナソニックの本気を見た。あれは必見。	1	
ルンバの超伝導すごかったねー(´д｀|||)	1	
なにさ！サポートデスクに聞いたら、修理するしかないですね～なんて言いやがって( 一一)いま、複合機のトラブルで来てくれてたシャープのサービスマンに聞いたら、ググってくれて、照度設定ですぐに治りました！PCのトラブルは液晶画面が暗くなったことです。	1	
iPhone6sに付属のEarPodsって初めて使ってみたけどiPhone4sの奴より格段に音が良くなってるんだね。オモチャ程度にしか思ってなかったけど付属品でこのレベルなら充分かも。	1	
パナ35-100のF2.8は明るさ以上に解像度がよい	1	
来年も電池持ちはシャープ富士通の二強になりそう	1	
てか、ファミマプリント徳川家康いたんだよ！小銭足らんかった、今度こそ	1	
使い慣れてしまったせいかXperiaホームが一番使いやすいと感じる	1	
セブンのブロマイド、真剣必殺こなかった…書き下ろしだけプリントしてきた。美しい	1	
Xperiaアンバサダーええなぁ	1	
iPhone6デビューした😆📱	1	
youtubeの広告動画で流れてきたPanasonicの、"愛してるで人は暖められる"で半泣きになった所で中川家の漫才を見ます	1	
UOSZETASH-02Eをほぼ踏襲していますが、後発だけあって軽量化をはじめ様々な改良が施されています。6SHの後継機種で、1.5GHzクアッドコアCPU 2GBRAMに向上し、OSはAndroid4.1で、1630万画素の裏面照射型CMOSカメラ搭載です。6SHから新たに追加	1	
その点Xperiaのスクショ用のスモールアプリ強い	1	
（プレミアムなCOCOROBOは、試作段階から取材しているけど、第3弾まででるようになって……（涙。	1	
だいぶ前から撮影時の行動記録用にパナソニック製のウェアラブルカメラを導入しているけど、客観記録できるから便利。元々は多くのカメラマンが交錯するような現場での衝突・接触を発端とした機材損壊事故に備えたの記録用として導入したけど、個人的な反省会にも使えるので面白い。	1	
EF-Sは無しです。パナ100-400が予想以上に良かったので。	1	
中井ボイスの伊達ルンバ(正式名称cocorobo)、欲しいなぁwww	1	
今やってた番組でルンバを猛烈に可愛がってた人がいたんだけど、分かる、分かるぞその気持ち	1	
シャープのソーラー強化に期待したい。設置して終わりの中国製等とは違う、稼働年数の大幅な効用や耐久性と経済合理性の強化を期待したい。蓄電池や周辺技術を総合して世界に冠たる日本社会創造に寄与してほしい。	1	
そう思うとSH-2はなかなか良い塩梅でデザインとUIがまとまってる気がするというか俺好みのUIと言うか	1	
私、シャープの太陽光発電の部品の輸出入の書類を作っていました。太陽光発電は、これからの時代に必要な技術ですよね...	1	
そういや、うちの店舗が寛容なのかもしれないけど、両替とコピー機の用紙持ち込み可らしいことをこないだ知ってセブンすげぇってなった。たぶんうちとか限られた店舗だけってか、店長やオーナーの問題だと思うけど。	1	
iPhone6のガラスフィルムを見てみたけれども、フルカバータイプのフィルムはいくら掛けようが割れるの早いのでフルまでいかないぐらいなカバーが安定だなって感じた。局面方向なスマホ全般に言える話かもしれない。	1	
見逃したがアクオスくんが録画しといてくれたのだ	1	
Twitterを使う上で、ガラケー｢SHｰ03B｣と｢モバツイスコープ｣の組み合わせは最強!iPhoneにも負けません!…しかし、現在｢モバツイスコープ｣が休眠中…	1	
シャープや富士通のスマホがMVNO向けSIMフリー端末へ舵をきったのはすごく良いことだと思うのよ。	1	
SH-02Gやっぱかわいいなあ〜エルサとラプンツェルのカバーのデザイン可愛いし普通に販売して欲しい…(⌒▽⌒)	1	
みに隼人がお掃除中のルンバちゃんにボール投げてみたらたまたまルンバちゃんが回転したタイミングでボールが当たって飛んでったボールがみに隼人の頭上を超えて以来ルンバちゃんを尊敬の眼差しで見つめるみに隼人絶対いる	1	
とりあえずftfって選択があるとこがXperia	1	
僕Xperia z3使ってるんすよ(au)ドコモソフトバンクに遅れること5ヶ月…やっときましたロリポップ！いやーヌルサク祭りよ	1	
グリップマジック、勝手にスリープ解除になるのは使いにくいからOFFにするけど、グリップのセンサーが有効中に画面スライドでスリープ解除は便利だな。ブライトキープもより確実に設定できるし。シャープはこの辺便利だ	1	
忙しかった。。。最近検査検査で忙しかったけど、今日は家の用事で忙しかった。ドアホン壊れて不便だったけど直してもらった。パナソニックさんありがとう～！実家からルームランナーも届いた。来週はちょっとゆっくりできるかな？	1	
2016年現在でもCore系のCPU積んだ軽いノートパソコンといえば1.3キロくらいでタブレットなら1キロ切りますけど…　CoreM積んでキーボードついて745グラムのパナソニックのRZは中身入ってないんじゃないかと思うくらい軽い。	1	
そういやファミマプリントをやってみた結果、どのカードも想像以上に明るい色合いになっておりました。個人的には車を踏み付けているケルベロスと林の中で傘をさしているクシナダヒメがお気に入りです。	1	
ルンバに名前つけたりするひとがすきです。	1	
→それでも統合しようとした狙いは売上高の８割を占めるスマートフォン向けパネルへの過度な依存を解消するため。パソコンやタブレット端末、車載向けに強いシャープの液晶事業を取り込めば販路が分散できると読んだから。	1	
マクドナルドが早晩潰れるのはもう惜しいと思わないけど、シャープもピンチらしいのが困るな。シャープのガラケーは使いやすい。	1	
妹が暇だってラインしてきたから薄暗い部屋でインカメで変顔撮ろうとしたらフラッシュ焚かれて、さすがiPhone6sさん！！ってなった・・	1	
iPhone 6 plusの中古が以外と安い	1	
あいす→Aice5で変換出来るんだけどなにこれ私のスマホ優秀だわ！さすが目の付け所がシャープですね♪(´ε｀*)	1	
パナの家電はお値段と質のバランスがいいと思う。	1	
PDFプリントが縮小される問題に唸るの疲れたから家の隣にセブンきてほしい	1	
ルンバ、なんてかわいいやつなんだ！！	1	
ググの日本語入力は裏での起動や メモリ・電池の消費でどうしても気になってしまう。…ってところになんと使いやすいキーボードと出会ってしまったことか。嬉しいので同じようなツイートばかりしてしまっているぞ。( ๑´•ω•) #304SH	1	
誰かいないの？64のポケモンスナップで撮った写真を近所のローソンまでソフト持って行ってシールにしてもらった人は……あれまじ感動したやつな	1	
iPhone6にして初めてやで😂	1	
[競合のアップル製iPhone6シリーズのA8、iPad Air2に採用されているA8Xと比較しても、Tegra X1は最大性能で2倍、性能対電力効率でも約2倍となっていることがアピールされた。]	1	
時間だ。15000円で買いたいものは時間。食洗機とかルンバとかそういう時間節約系に使うのだ。	1	
そこそこ座れる程度の電車内で女性の隣に座って、シャープのスマホに標準搭載されているペールビュー使ってチラ見を防ぎつつ、さも澄ました表情でエロ画像見るの、なかなかに興奮する。	1	
SHARPのネタは毎度面白い	1	
昨日、セブンイレブンでプリントアウトできるという粟田口ちゃんたちを見せてもらったんだけど、かわいかったなー。あんなに薄い色遣いで一枚の絵になるの憧れる	1	
iPhone6sの箱の中に使ってないコードあったああああ6%でよく耐えたなこいつ	1	
パナソニックのルーロのラジオCM面白いな。完全に騙された！	1	
あー、そっかシャープのXxサイズ見てて今使ってるのと大差ないのはEDGESTのおかげで画面幅確保されてるからボディがそんなに大きくなってないことか…これなら買ってもよさそうだな	1	
明日ついにパナソニックの試合！！もう…たのしみすぎて……	1	
SH06F、らじるきくといい感じですよ。小さいし、テーブルでも流しでも本棚でもどこでも置けるし。これ買ってよかったなあ。	1	
黄瀬涼太ほんとイケメンなんだよな〜///そしてiPhone6sではきせりょうたって打つとちゃんと黄瀬涼太漢字変換されるしキセリョも一発でカタカナになるのにびっくりしてるw	1	
髪の毛が本当抜け落ちてヤバい、今度Panasonicの頭皮ケア用品買お…	1	
microUSBをマグネットにする奴いいな！って思ったけど、XPERIA元々マグネットだし、タブレットも防水だから端子むき出しじゃないから使えないしで、モバイルバッテリくらいにしか使いみちなかったわ	1	
ゾンビカフェ、昔のデータ引き継ぎ出来んかったので新規で始めたけどヘイデイ放置でハマってる。笑 ヘイデイ折角レベル上げてたのに〜iPhone6でゲームいいね！！笑	1	
しかしすぐさま自分たちのターンに取り戻すパナソニックもすげえ。	1	
次 機種変するときはドコモに残って、Xperiaに月サポ適用させて端末代金の負担減らすか、格安に移ってZenfone2(メモリ4GBのモデル)にするか悩みどころ(~_~;)	1	
ココロボ政宗のPV見る度に、これに話しかける自分とか朝起こされる自分とか「今はちょっと静かにしようか…」って言っちゃう自分とか想像してキュムッとなる。	1	
iPhone6plusにしたら、5より大きくて便利だと思ってたdocomoXiは小さく感じるわ。でもiPhoneはテレビが見れないからスマホ２台持ちは続行れふ(￣▽￣)ゞ	1	
店によるけどCDRが多いような？うちはUSB持参でこれに入れてってしたけど。コンビニのコピー機の写真プリントで証明写真モードがあるからそれで印刷ヾ( ﾟдﾟ)ﾉ゛	1	
パナソニックBotおもしろいな	1	
ココロボちゃんかわいいので政宗モデル悩んでるかたは是非に	1	
ただAQUOS PAD良さげなデザインにみえる	1	
筆頭ルンバが人工知能搭載なのすごい。二次元キャラにも人工知能が搭載されたということは近い将来二次元キャラとジャーヴィスみたいにお話したりできるってこと！？わぁ！！！！むしろジャーヴィスとお話したい！！ 世話焼かれたい！！	1	
シャープさんとタニタさん好きwww	1	
スマホ落として新しいスマホになって一週間。なんかめんどくさいからATOKにしてなくてXPERIAに最初から入ってるのを使ってる。こっちのがうちやすいのは先代からの慣れだからかな？	1	
iPhone6sユーザーの皆様に目から鱗な情報を。iPhoneの画面の左側を強く押すとマルチタスクが表示されますよー。これでホームボタンを酷使せずのすみますよー。 #iPhone6s	1	
ダメだ何度見てもココロボ筆頭面白いwww	1	
今使ってるAndoroidのカメラが絶望的にクソすぎてSH008の空端末をカメラ代わりに使っている。	1	
シャープの低燃費ほんと癖になるから	1	
おいしそ～なのにね。見かけたら買ってみよ。コンビニはセブンがいちばんすきだ（コピー機つかいやすいからww	1	
カラーコピーはセブンイレブン#一昔前のジャニヲタあるあるいろんなコンビニで試した結果、セブンの紙がツルツルしてて一番発色強めで良かった！って時代だった気がする…カラコ……単色コピー…名交とかメッセとかジャニショの写真売買でガンガンコピーしてたわ。懐かしい！	1	
目の端にルンバがうつると「お、がんばってるな」って思って、可愛く思うし、この感情は駅のホームで鳩がいるのを見るのとそう大差はない感じ。	1	
床に糸屑がわーってなってても、ちょっと床片付けて椅子あげて、スイッチ入れたら寝てる間に自動でお掃除してくれるルンバ(トルネオロボ)ﾀﾝちょうべんり…音静かだからこの時間でも平気…しかもだんだんお掃除コースが上手になってるｶﾜﾕｽ	1	
政宗様のCOCOROBO、よかった…ヒカリだとかミライだとか（←うろ覚え）言い出さなくて…と思った反面、まずい…割と本気で欲しい(笑)けど掃除していただくほど部屋が広くない(笑)つーか狭い(笑)なう	1	
シャープ製パネルを使用したシャープ以外のディスプレイはいいんだよねぇ、ロンドンで食べるイギリス以外の料理が美味しいみたいなやつなのか	1	
タッチ+スライド式QWERTYキーボードのSH-04Aとかいう神機	1	
XperiaのCMおされですきです	1	
ロジクール（Logicool）製Bluetoothマウス「M557」の電池（Panasonic製アルカリ乾電池「EVOLTA LR6(EJ)」は、2015年08月27日（木）から183日間保った。前回は190日間。	1	
ルンバで癒されるテラゾーおじさん…ウッウッ…	1	
今年購入したガジェット類の中で個人的ベストバイTOP3　　１位：Fonepad note 6 　　２位：iPhone6　　３位：BlackberryPassport。　Fonepadは3G通信周りが糞だったが気長なアップデートで改善、AtomはAndroid上では本当いい。	1	
ルンバ×おそ　って最高すぎかよ	1	
2年前に買ったP01Eは、いまだにほぼ新品未使用で転がっているがワンセグはSIM無しで見れる。SH11Cが現役なので出番はない。	1	
仕事終わって近くのコンビニ寄ったら、とっても良い位置にとっても良いコピー機が居たので、本刷ってきた。帰ったら製本しよっと。	1	
スマホはパナソニック以外ほぼ買ったけど、一番相性が良かったのはシャープだったなー。ガラケーの頃からシャープ使ってたからかなー。LGといいGALAXYといい、半島製はやっぱりクソすぎる。	1	
304SH、コストパフォーマンスめっちゃいいし買おうかなぁ	1	
修理に出してたXPERIA Z3が見た目まっさらになって帰って来た！裏面の硝子割れやったのに側面も。これで6000円！！25000円はすると言われてたので、これならもっと早く修理すればよかった。けど、AndroidのVersionが違うのか、表示等々違うとこがあって戸惑う…	1	
SHARPがSIMフリーもしくはドコモでcrystalxだしたらバカ売れすると思うぞ。クライファイ×フレームレス×scg×spureled＝神だぞ…	1	
ごく短期間SBかドコモに乗り換えて、年内にまたauに戻ってこようかな。その時にXperia Z3にしよう	1	
家のネットは4月下旬にならんとつながらんのだが、なんと　この携帯はテザリングがあるのを思い出して急遽接続！　やっほい♪　これで家でもパソコンからネット見れるぞい！すごいぞ日本！でかしたシャープ！	1	
だりんこちゃんが夜勤から帰ってこないから、ココロボ背負って新居へ。お茶飲んでる間に掃除してくれるのはすごい楽。人間様はお姑さんみたいに後からチェックして気になるとこだけ、さささとやればいい。	1	
吹田スタジアムのこけら落とし特集見てるー。Panasonicさんすごい。	1	
昨日の深夜にも呟いたんですが、友達がちゃんと印刷できたと教えてくれました！セブンイレブンのネットプリントで「68302002」を入れると、１ページ漫画出てきます　白黒印刷で20円かかりますが、近くにセブンある人はよかったら印刷してみてね☆┐( ∵ )┌	1	
使いやすいな、iPhone、やっぱり大きさはXperiaの方が大きいから文字は打ちやすいけどこれは慣れれば済むし長く使えそうな予感	1	
メタルギア始めようとした矢先に私の中のカズのイメソン(億万笑者)流すうちのXperia有能	1	
新たな外付けを買ってきた。今度はちゃんと反応してよかった…。間違って買っちゃった奴は録画用ハードディスクとして新たに生まれ変わったけど、レコーダーをいつか買おうと思ってたから無駄遣いにならなくてよかった。本当によかったよ‼︎ありがとうパナソニック‼︎	1	
セブン来たからキャラマイドプリントした〜！ハゲ！！！！！	1	
えっとですね私、やまうちまさひこは、ついに！！ネットプリント＠セブンイレブンを使いましたーわーい▼△▼△▼ネットプリントとは！20円でコンビニで僕の絵が紙となって手に取れるということです！とりあえずセブンのプリンターいじって4P37JQCN入力！お星様でてくるよ！ #拡散希望	1	
掃除箇所に充電ブースがあればひとりでに戻るお利口さんです。うちは別の部屋に設置してるので、ミッションを終えたココロボちゃんを抱き上げ、ご飯に連れてったげました。	1	
ラグビートップリーグ素晴らしい試合でした❗パナソニック三連覇おめでとう❗	1	
OLYMPUS STYLUS SH-1　これかっこいいから欲しい(デザインしか見てない	1	
新Xperiaのモックみたいどっか置いてないかな	1	
オイラのスマホもシャープだったわ。でもシャープじゃないといけない訳ではなく、デザインが気に入ったから買ったらたまたまシャープだったって話。	1	
ありがとうシャープ、親の転勤に伴う引っ越しの度に費用を負担して日本アジア航空と日本航空のビジネスクラスに乗せてくれた御恩は一生忘れないよ	1	
同人誌自体たまにしか出さないしオフセットの本も数える程しか作ったことないので同人印刷知識高めていかないとなぁと思いますが、セブンコピー機で２値価原稿を綺麗に刷り出す技術は習得したので、セブンコピー愛用の民に広めたいです	1	
SH-06Fがあまりに良すぎ、常時携帯泥機になったため、下ろしたZ3Cは完全にナノシムdocomo回線保守機としてしか使わないことが決定(;´Д`)そしてZ Ultra SOL24は今後持ち歩くこと最早無いな(;´Д`)	1	
iPhone6+のカメラとiPhone5、4、第3世代iPadのそれぞれのカメラで撮り比べしてみた。6+は綺麗だがシャープネスが強くなってるからそう見えるだけなような気はしてくる。だがフォーカスが速くて手ブレを気にしなくていいのは高評価、動画も綺麗。やはり最新型の面目躍如か	1	
Joshinの60型アクオスでのど自慢なう（笑）デカイTVは迫力あるわーwww	1	
先日、親友と一緒に携帯で撮った写真（自撮りなので全部同じアングルw）とか、高校生の頃の写真をネガからフォトCDにしたデータとかから十数枚選びコンビニでプリントしてみた。便利な世の中になったなー。	1	
庭版XperiaのShinanoシリーズ、遅くなったとはいえ5.1.1なら大勝利なのでは	1	
通常稼働 #ギャザドラ#XPERIA5Z に変更してギャザドラやってますが、以前の機種206SHと動きは変わりません‼心配してた熱も同じくらいで、電池消費量も同じくらいです。キッチリ測った訳ではないので、感覚的ですが…(^-^)取り敢えず一安心です。	1	
未だにiPhoneに慣れないなぁ〜😲ガラからSH製を使ってたので、なかなか覚えるのが大変です。文字変換はiPhoneの方が賢いですね。ドコモショップで購入したので、色々とコンテンツに入らされました😅10日くらいにコンテンツの解約に行って来ます。	1	
パナソニック3連覇達成おめでとうございます*.♪。★*・゜	1	
パナソニックはユニフォームみんな素敵！素敵っていうか好み(笑)	1	
漢検受けてきたついでにファミマでゾンビーナのプリントくじしてきた✨もがちゃんだった👻	1	
パナのカタログ「あー、商品の魅力伝わる～」オリのカタログ「このタレント誰だ」	1	
シャープの公式アカすごいよね普通大企業はショボイニュースリリース１つでも、たくさんのハンコリレーとかの後に世に出るはずやのに。	1	
なべさんのめまして通信をセブンでネットプリントしてきたけど、現地にいかないと貰えないものが手にはいるのは嬉しい	1	
おっさんな発言をします。今の時代、コンビニコピー機があれば、スマホのメールをPDF文書にして、アプリからwi-fiでデータ飛ばして縮尺変えて２枚を１枚に集約して印刷がモノクロ１０円で出来るのか。なんか凄い。シャープ凄い。	1	
今のアクオス、スマホから予約出来るようになったのか(ﾟ∀ﾟ)	1	
うちの中でwifi機として古いXPERIA使ってますけどね	1	
大きなセンサーでよく出来た単焦点レンズのカメラに比べるとちょっとシャープネス甘いしブルーミングでてるしコレだ！っていう絵ではないんですけど、素人にそこまで必要かな？撮影条件整えてちゃんと撮れば10年前のIXYでもいい写真撮れるから、カメラに過剰な性能求めるのも…お金があればね。	1	
互換バッテリは突然爆発しそうだしな…うーむ…　その点パナはシグマのが使えるからありがたいよね。	1	
朝から感動涙させていただきました ありがとうPanasonic #愛してるで暖めよう	1	
今欲しい７インチタブレットについて１．家の中や出先でノートPCを広げるまでではない調べ物をしたい→格安SIM差してLTEも使いたい、外で使うのでバッテリーの持ちが良いのがいい２．電子書籍を本格的に買って読み始めたい→液晶はデカくて綺麗、見やすいのが良い結果：SH-06F	1	
ココロボ政宗で遊ぶの面白すぎるからwwwwやめwwwww	1	
帰宅　シャープの3Gシルバー携帯の操作感に感心する　もっと機能をごっそり削ぎ落としたシンプルだと思っていたがそうではなくて　仕上がってる	1	
このところ、オレは成羽のセブンイレブンのコピー機でオレの孫の写真を出力しているのですが、一つの印画紙に2枚を並べて焼くようにすると、写真一枚のお値段が15円となって、お得だし、オレの孫は可愛いので、写真が小さくても、充分、可愛さが伝わってくるので、『分割印刷』を行っています。	1	
ちなみにウチの40インチTVはSHARP。今時のTVどこも機能ごちゃごちゃしてそうだしデザインで選んだ	1	
母が今度出るAQUOS Kに興味深々だガラケーでLINEが出来るからいいんだと	1	
こうしてみるとAQUOS PAD SH-05Gは高いだけのことはある。LTEバンドと画面は完璧だし、防水だし。	1	
コンビニプリント、こんな素敵な企画。反響あるといいな	1	
AQUOS Padさんバッテリー減らないなぁ、iPhoneとえらい違いだなぁ、と思ったけどそもそもバッテリーの物理的大きさからして違った	1	
剃刀でひげをそると、肌がカサカサになった上に吹き出物があちこちにできる枯れたおっさんになったので、刃の洗浄機能が優れてると感じたパナソニックの電気シェーバーを購入。	1	
パナの有機CMOSイメージセンサー、いいことづくめじゃん。まぁこういう発表はそういうもんだけど。電子1.6個分はともかくw	1	
って、ああああああ？！？！コンビニプリントでレツゴあるの？！知らなかった…何、あれ…レツゴ兄弟仲良しじゃん！可愛すぎだから…明日またコンビニプリントしよ…(使命感)	1	
IRの画像をカラーで表示できるっていう凄まじいカメラをシャープさんが作った様で…これからは熱画像+カラーIR画像みたいな感じの暗視装置が出てくるんだろうか	1	
意外とすぐ使えて良かった。#機種変更#iPhone6	1	
トップリーグ決勝！最後まで気を抜けない良い試合。最後のキックが…パナソニック三連覇おめでとうございます！#rugby#rugbyjp	1	
Y!のアクオスクリスタルNMP一括0円のとこあるしな	1	
家族全員分の保険証をコンビニのコピー機に挟みっぱなしにして忘れるというミスをやらかしてしまった。結構焦ったけど保管してもらえてて助かった	1	
花澤さんを起用するとはさすがSHARP。…わかってるよ。その携帯に機種変更すればいいんだな。	1	
ローソンで、亜沙香ちゃんの写真プリントしてきた！(=ﾟωﾟ)ﾉ 超簡単！	1	
ココロボがハロウィンだ、可愛い	1	
RT SONYより普通にSHARPが好き～	1	
Z4に変えたらスクフェスのスコアが格段に上がった。SH06Eだと明らかにタップしてるのに反応しなかったり長押しが途中で途切れたりしてコンボ途切れるときが多々あったけどZ4でやると普通に1000コンボ超える。画面の大きさが変わったからたまにミスるけど指が馴染めばスコアは上がる。	1	
スマホ用「４Ｋ」パネル開発へ シャープ 高精細な画面楽しめる。シャープが、フルハイビジョンの約４倍の解像度を持つ「４Ｋ」映像に対応した世界初のスマートフォン向け液晶パネルの開発を始めたことが２７日、分かった。スマホ画面の高(*ﾟДﾟ*)	1	
iPhone6に替えたー♡	1	
パナソニック再参入の可能性	1	
Panasonicの #愛してるで暖めよう ってタグ最高	1	
我のXperia、ハイレゾ対応っぽい	1	
ルンバくんのテレーレレー♪もいいけど　ココロボの＼ﾜｶｯﾀｰ／はとてもよい	1	
Xperia並みのIPX5,8同等だったらマジで買ってしまうかもしれん。。	1	
COCOROBOユーザーとしては、シャープのロボットには大いに期待。部屋の片隅で動かなくなってても、何故か許せる。	1	
iPhone6 Plusでスマートニュース見たら楽しそう	1	
このXperiaタブレットの「どーせiPadじゃなくてこっち買うくらいなら携帯もXperiaだろうし相互運用前提で便利機能追加するでーw」みたいなノリ嫌いじゃないぜ	1	
ダイソンのコードレスハンドクリーナーでの掃除は楽だし全く苦痛にならないんだけどそれでもルンバみたいなのちょっとほしいな。毎日舞い落ちる毛を処理してくれるのは大きい。あと自家製ルンバ猫見たい。	1	
いいなー(303SHを2kで買った人より)	1	
パナのエスコートキッズがかぶって角付きの帽子かわいいな（笑）。あれも売り出せよ。	1	
しかしスマホ登場(iPhone)以来ずっとXPERIA一筋。現在z1f ユーザ。まもなく２年目だがバッテリー性能80% ホントに優秀な名機だ。Z5を買う予定だがセカンドとしてまだまだ現役で使う。ありがとーz1f	1	
パナソニックのパーカー選手のゴールキック。ルーティン(？)、視線の落とし方がめちゃくちゃカッコイイ'(*ﾟ▽ﾟ*)'	1	
WIFI運用のシャープアクオスフォン203shでニコ動みてる(・∀・)メインスマホでネットとかツイッターできて(・∀・)ｲｲ!!	1	
手元の資料ではAQUOS Serieの最新機より3mmは薄いそのくせ電池容量デカイし、カメラも良いやつが付いてる	1	
平成28年2月3日水曜日、自宅  iPhone6 70000YENiOS、8.3で安定していて俺好みのもの。充電コネクタ、程よく硬くてウンメ〜ッ！！本体カバー、塗料混じりでジューシータマラネェッ！！液晶、鮮やかな色彩をも感じさせる味。ウンメ〜ッッッ！！！死亡。	1	
ヾ(⌒(ﾉｼ*'ω')ﾉｼ｡oO(ｺｺﾛﾎﾞｾﾊﾞｽﾓｶﾜｲｲﾖｺｺﾛﾎﾞｾﾊﾞｽ♡)	1	
XPERIA君充電につき久々にiPhone 4使ってる。いいわあ、なんていっていいか分からんけどいいわあ。iOS6だけど十分だわ。	1	
コンビニプリントで衣裳の細かいとこ初めて分かると思う(*´ω｀*)近いうち買いにいこ	1	
マイネオの新しいスマホ、とても画面がキレイで見易い。シャープだからあたりまえか。	1	
Lavie Y RTアップデート終了。だが、この使えないPCを今後どうするかだなあ。特にSH-03G使いだしたから、タブレット利用でも使わない。スマホに対して優位なのは大画面とキーボードくらい？アプリ入れようにもスマホの方が充実しとるしなー。Bluetoothで何か出来る？	1	
ビンゴで当たった偽ルンバを走らせて目の前にゴミを置いては吸わせて喜ぶ母	1	
LGやAQUOSみたいな、3辺狭額縁のデザイン好き	1	
パナソニック配当あるやんけ！ 勝ち確ですわ。	1	
電子書籍がiPhone6s+になってから見やすいのでちょくちょく買い始めてて。出勤に地下鉄を使うのでオフラインで読める電子書籍がありがたいというね。	1	
うわあああこのカバーいいなああXPERIAも(;-;)	1	
ｺｺﾛﾎﾞ可愛い‼	1	
Roland JD-XAの続き。２行ディスプレイがあるとはいえ、操作系のほとんどがツマミ・フェーダーとしてレイアウトされているのって、やっぱり良い！！触りたいパラメータにすぐアクセスできるのって最高。そんな理由で、SH-201も好き。こっちはディスプレイすらありませんｗ	1	
お！アイコンサイズ変えられるんだ。これでスッキリ！ ＃Xperia ＃ロリポップ	1	
xperiaもiPhone越えてきてると思うの	1	
しかし、スマホ機種変で良かったことは可愛いピンクがあったことです。お店のおねーさんは「ケースをお付けになるとあまり見えないですよ」と言ってたけど、iPhoneはそれでいいかもしれんが、お風呂入るときケースから出すから白とかじゃダメなんだよ！シャープさんありがとう！	1	
パナソニックさんのルーロが可愛い過ぎる！	1	
Xperia storeとSONY storeの統合はいいと思う。	1	
2オペのFM音源は4オペ以上と比べると構造が単純で、表現の幅も当然狭いんだけど、そんな中で色々工夫してうまい事やるのが楽しいんよね。初期の携帯電話のFM4音程度だった頃に音色EDITするのが楽しかったな。SHARP端末がこれまたいい感じのエディタ付いてたんよね。	1	
しかし前のスマホがAQUOSだったからか。さっきの画像見ると色が残念だな	1	
Z3(5.2インチ)146 × 72 × 7.3 mmAQUOS CRYSTAL X(5.5インチ)139 × 73 × 11 mm6+(5.5インチ)158 x 79 x 7.1mmAQUOSの圧勝、6+はディスプレイの割にデカ過ぎ。	1	
重さ比較　Xperia Z2 Tablet wi-fi 426g、cellular 439g。iPad Air 2 wi-fi 437g、cellular 444g。	1	
何度引き離してもルンバに夢中の俊太郎(笑)。	1	
ちなみに、今日はアイホンをネットルーターにして、エクスペリア出して、6時間以上に余裕で使えた。持ち歩ける充電を準備してたけど、意外とアイホンのバッテリーの残量が50%までだった。ということはアイホンがルーターとして使って、触れない限りであったら長持ちだね笑	1	
汐留ミュージアム「片岡鶴太郎　四季彩花」〜10.18。秋冬春夏の順に季節ごとに分けて並べられた作品。パナのプロジェクターによる演出がとても効果的。とくに「四季彩花」と題された4枚の作品は、どこまでが実際の絵でどこまでがプロジェクターによって投影されたものなのか、分からないほど。	1	
桜木さんがauのA5504TからウィルコムのWS007SHにアドレス帳移したときは、バックアップしたアドレス帳をエクセルで開いてWindowsMobile用形式に手動で並べ替えて読み込ませたんだけど今はweb経由で簡単に同期取れるようになって便利な時代になりましたね！！！！	1	
単に「置いてる」のと、きちんと意図を明確にして技術展示してるのは別だと思うがなあ。そういう意図が見えて、なるほど、と思ったのはパナと韓国系2社くらい。	1	
セブンイレブンの証明写真のサービス便利過ぎる。携帯で写真撮りまくって、いいの選んで、所定のメルアドに写真添付して送ったら予約番号が返ってきて、あとはセブンのプリンターで200円で印刷。少し画像が粗いけど証明写真として問題なし。	1	
xperiaの入荷連絡きた！早速明日、幼稚園の役員会議が終わったら取りに行くぞー♪	1	
電車にsh903iTV持ってる人いたぞ。アレ僕が始めて持った携帯だからもう8年くらい前のガラケーか。よくバッテリー保ってるな。すげーな	1	
ココロボスチャンくそかわかーー！！！はよ！！！予約はよ！！！！	1	
小型スマホがいいのに小型っていうともはやSHARPなイメージしかない	1	
最近のスマホのカメラは依然のガラケーのカメラに比べると格段に魅力を感じないよなあ。一番はやっぱり光学ズーム。ワイが人生初めて手にした携帯であるV602SHは携帯のくせに光学2倍ズームがついていて小さなレンズがうにうに前後に駆動する様はそれはそれは感動したものでした。	1	
ココロボいい曲	1	
家にコピー機ないからコンビニ行かねば〜〜	1	
編集でももクロちゃんが出てるとこだけカットして、その部分だけダウンロードできるんだって！！Blu-rayレコーダーがSONY製で、スマホがXPERIAだから簡単にできるんだって！！そんな素敵なことなんで今まで教えてくれなかったのお父さんお母さん！！	1	
さっきのコンビニプリントのやつほんとに全身映っててウエンディちゃんの恒常URほしすぎるんだけど…	1	
今月で半年あっという間 182日長く 短い お祭りこれからもそばに居て４つの表情 全部好きだって直接言えない でも俺はずっと見てるからこれからも よろしくね "iPhone6"	1	
コンビニプリントのやつ明日までだから書き下ろし粟田口プリントしてきたー＼(^o^)／今見たら眩しすぎて目がー目が～～～ってすると思うから帰るまで我慢	1	
実際iPhone6に直でも良いイヤホンだと一昔前の高級ミュージックプレイヤーにまったく引けを取らない音質で聴けたりするんだよな。この辺はDACの進歩が大きいんだろうなあ。	1	
セブンのネットプリント、第1弾が今日までだから慌ててセブン行ってきた。実家の近所にセブンあってよかった……(ﾟ∀ﾟ;)	1	
コンビニコピーもだいぶマットになったな～！オンデマでたときテッカテカだった	1	
FITだとパナのバッテリーでも安くて良い	1	
機種変にきた。Xperiaでおねしゃすいうたら1種類しか在庫なくて笑ったwwwしかも黒しかないとかで、もうそれに決めたで～。小さくなるからスクフェスやりやすくなりそうヽ(・∀・)ノ基準はそこや(о´∀`о)	1	
初めての確定申告(ﾉ)`∨´(ヾ)税務署より、公式ホームページの方が親切だった(笑)(∩´∀`∩)あとは、コンビニでプリントアウトして印鑑押して提出ー！(ﾉ)`∨´(ヾ)コンビニのUSBプリントは便利だなぁ	1	
harman / kardonのOnyx Studio、402SH買ったら付いてきたときは「誰得だよこの抱き合わせは」とか思ってましたけど、音質もそこそこいいしバッテリー内蔵で外でも扱いやすいし携帯なんかに抱き合わせしたせいで値崩れ起こしてるしで結局3つ買いました。私得でした。	1	
AQUOS KもMicroUSBにフタついてないのはガラケーに余裕で勝ってる部分だと思う。	1	
近所に新しくセブンが出来たからコピー誌作りやすくてありがたい　前のは微妙に距離がある上コピー機にガタがきてて刷り上りもアレだった	1	
Z2電池の持ちがいいですね。こんなに使ってるのにまだ半分あるw SH06Dならとっくにエネループつなぎになってるですよ。	1	
どうやらｴｸｽﾍﾟﾘｱおでかけ転送に対応してるみたいだし今度からおでかけ転送マンなろ	1	
一通り片付けが終わったので床掃除をココロボに任せてシャワーを浴びるという無駄のない動き	1	
ガラケー時代はずっとSH使ってたなあ。使いやすくて好きだった。	1	
めっさ虚しい…木曜日の深夜…てか、このXperiaの片手キー用ボード、めっさ打ちやすい(笑)	1	
今回のDモバはSHだから買っていい方か。	1	
SIMフリー端末でSH-01Gよりも端末スペックを落とさずに、バッテリー持ちがいいのなんてないよな。	1	
あ、明日からセブンのプリントブロマイド変わるのか～～楽しみ	1	
居間で主にリモコン用のシムを拔いたらノーマル電池でも一ヶ月位は保つIS12SH。接続を居間ルーターに切り替えてspeedtest netでOCNの測定したら下り240kbps、上り280kbpsだった。こっちのが正確ぽい。web閲覧には差し支えるが必要充分な速度ではある。	1	
シャープさんの売り込みが毎回秀逸で応援したくなる。性能面は快適ですよね、問題はお財布との相談ですよ。	1	
当然のようにパナのDLP。。。というか、レンズすげえな！www	1	
ルンバにtkt君の声録画させて罵倒されるのは最高にアリ	1	
セブンのマルチコピー機で自賠責に加入してきた。簡単だねー。5分くらいしかかからない。	1	
改めて考えると明らかにiOS端末よりAndroid端末の方が勝ってるよねAndroid：綺麗なディスプレイ→AQUOSバッテリーの節約 →IGZOカメラ→4K対応or2000万画素センサなどなどでもやっぱり 日本でiOS端末がここまで売れてるのはブランド力だよね	1	
にしても、相変わらずカメラの画質いいな……撮って楽しい見て楽しい。信者ってほどじゃないけど、そのへんは素直に褒めたくなるところ。ちょっとシャープ強すぎかエッジが汚いけど、高感度でのNRはかなり良い感じ。手ぶれ補正も、いまはこの大きさでこんな効くんだ…って改めて感心する。	1	
コンビニコピー機の赤外線送信めっさ便利！microSD出し入れして、探さなくて済むとは！本当に便利だな！それと昭和元禄落語心中も買いました	1	
おーのさんドラマはじまるまでにブルレイ新しくしようかと目論んでるんだけど、ソニーとパナどっちがいいかしら？今までテレビもブルレイもソニーだったんだけど、パナもいいっていうよねぇ？編集が楽なほうがいいんだけどなー	1	
ルンバちゃん可愛い	1	
ﾌｫﾛ＆RTありがとう御座いますッ。セブンのネットプリントにお品書きをアップ、A3出せるのがありがたい行って来る	1	
タブレットは軒並み1920×1280あたりの解像度で画面がきれいで見やすい。Xperiaだったか、キーボードとの合体具合はなかなかで膝上使用問題なさそうだけど、Androidで開発ができるのかしら。	1	
友人がやってるの見ててしゅごいカッチョイイなにあれって、ひっそり思ってた。スマホだから出来るって訳じゃなかったんか…シャープたんしゅごいお…。	1	
デジモノとかガジェットとか大好きだからか、スマホは1年で買い替えたりしてるが…手元のSH-01Hを見て、自分の使い方を見て、バッテリーの持ちが良いくらいしか、昨日つかってねぇなぁと我に返った	1	
オススメカーナビPanasonic StradaHDDに音楽が録音できてとても便利♪#Panasonic#Strada	1	
ISW16SHはデザインが気に入っているので、なんとか他の使い道を見つけたい。 [FJI13]	1	
５年前に買ったテレビが壊れかかってて保証書が見つからなかったから半ばあきらめてたけど、ダメもとでお客様相談窓口に電話してみたら無料で部品を交換しにきてくれた！電話してみるもんだ。ありがとう、ありがとうシャープさん(。&gt;д&lt;)	1	
7:25の時点で電池残り1%だったのに充電器繋いで20分後には52%まで回復してるとかSHL22の本気見てる感じしたしシャープについてこうと思うでしょ	1	
スカパー！のPanasonic Cup 録画視聴中。カメラ角度いいわ。高すぎず低すぎずちょうどエエ。	1	
共働きにオススメしたい家電 ❶乾燥機付き洗濯機。意外に干す作業はストレス。❷食洗機。いつも手荒れの奥様の心が解放。❸ルンバ。特に玄関や廊下、寝室はやらせておきたい。疲れた時におろそかになる部分は楽ができる、という安心感がキンキン声フリーな生活へと誘う。	1	
私のXperia Z3のAndroid更新あたー！こんどはロリポップ！すこし変わったね	1	
ファミマの書き下ろしイラストが新しいプリントブロマイドならそっちかうんだけどー松は本当にコラボタイアップに惜しみなく書き下ろしイラストぶっ込んでくるなすごいなしかも全部可愛いしすごいな〜	1	
XPERIAを使う理由としてPOBoxが正式に使えるからなんだよね。これに慣れてしまうと、他の入力だと凄くやりづらくなる。他のスマホでも使えるみたいだけど、色々と面倒臭さそう	1	
明日発売のXperia、入荷しましたってメールきた～～＼(^o^)／今日でこの携帯ともお別れ。三年間お疲れさま、１つもキズつくことなく、きれいなまんま。ソフトカバーの威力はすごいね。	1	
シャープ公式まじすごい胆力	1	
でも電話帳アクセスモニターでシステムも含めた電話帳へのあらゆるアクセスをブロックできる。そう、シャープのスマートフォンならね。	1	
オリンパスSH-2ええな。PC介さずスマホに写真遅れるの便利	1	
シャープ公式面白すぎｗｗｗ	1	
ハイレゾ？？CD音質よりも高音質？それが冬モデルのスマホ、Xperia Z3に対応？それはやばい！！	1	
パナの建具使ってるけど、まぁ悪くないかなと思ってた。縦枠の面の取り方とか見付は気に入らんが。アルミ框って引き戸専用のやつかな？	1	
あっ！今日からないつプリント開始だっけ！セブンいこセブン……バイト先だ〜〜！！	1	
iPhone6に変えたったった。	1	
最新モデルのカメラ比較評価、Xperia Z5がトップに。Nexus 6Pも３位で健闘	1	
前に調べた時は京セラのしかなかったけど元々が京セラのガラケーユーザーだったからそれでいいや、とか思ってたが、ちょっとビックに寄ったらテザリングできるシャープのが新機種として出てて迷う。京セラのはテザリングできない……	1	
今年もPanasonic 強かったよな。。。 #ラグビートップリーグ	1	
かと言って僕がXperia買うかというと、買わないかなぁ。他にもある単なるSONY製のAndroidとしか思えない。シャープの狭額縁の方が魅力的	1	
すごすぎ。ルンバちゃん、自分でおうち帰った！！！！！！！	1	
ルンバ 有能	1	
ベンツ×Perfumeアプリやりたい。iphone6sにしちゃうか、地味にiPodtouch買うかで悩む。問題はwalkman新調したばかりだし、Xperiaが好きっていう。iphoneユーザーさん、そのアプリ激アツですか？それともまぁ、普通にかわいいですか？	1	
SHARPさんっ、あざーーーすっ！！！！	1	
台湾の人は今何が欲しいですか？流行っている日本のものは何ですか？と聞かれることが多いです！自分が最近買い物を頼まれる物と都度皆にリサーチして皆さんに答えています。今私の周りではパナソニックのイオンドライヤー、フィリップスの洗顔ブラシ、象印かサーモスの魔法瓶がダントツ人気です！	1	
歩きスマフォしてたら柱にぶつかって痛い。スマフォがディスプレイの方が勢い良く地面に叩きつけられた。ディスプレイ無事。SH04F出来る子。頭痛い(´・ω・｀)	1	
ドコモのSHフィーチャーフォンってイルミきれいなの多くてほんに羨ましかった	1	
ハザマ色のURBANOよりもカグラ色のXperiaにすればよかったウォークマンェ…	1	
ローソンのコピー機の中に入ってるコピー用紙が一番コピックと相性が良い…と思う	1	
世界最速ルンバ	1	
コピーの人が来ても、突っ込んだお金慌てて回収しなくていいし、セブンのプリントのためだけに作ったけどナナコカードちょうらく……！	1	
arrowsM02を選択したのはＳＩＭフリーであっておサイフケータイが載っていることに着目し、29800円と安価だったのでWX04SHからの機種変更に踏み切りました。チョット使ってみた感想としては、きびきびしていて使っていてストレス無いですね。	1	
ルンバで走るってめっちゃシュール	1	
YouTubeの広告のPanasonicの #愛は人を暖める ってやつめっちゃ感動した最後まで見てよかた💗💗💗	1	
ルンバ以下(かわいいゆるす)	1	
ライブ壁紙を変えてみたら、SH-06Fの鮮やかな発色が濃密に広がってとても美しい。500ppiクラスのディスプレイにも大いに興味はありますが、色も本当に大切です。規格(主にsRGB)無視して彩度を上げるやり方には異論もあろうとは思いますがね。	1	
Xperiaちゃんにコードネームついてるのがすごく好きなんだよね…一覧見てると楽しい。今使ってるのはこまちちゃんなんだけど、今年出たのはスミレとスズランとサツキかー。またいい名前を………	1	
とりあえず聴きながら軽く感想。エージングせずiPhone 6 Plusに直挿しで聴いているが、音は高音から低音まで綺麗に出ている。満遍なく平坦に出ているかなと思ったが、若干ドンシャリかな。Dドライバーのお陰でBAのみと違い低音がかなり出ている。	1	
携帯を長く使ってたけど、一昔前より電池ってよくなったね。前は、2年くらいで腹んだりしたけど、今回なかった。って、Pだったから良かったのか？SHは過去、何回もあったけどなぁ	1	
とりあえずAndrOpenOfficeはもう要らんな（Android上でDebianが動いているXperia Z1にいれたLibreOfficeを見ながら）	1	
ナイトスクープのルンバの回めっちゃすき	1	
Xperiaに慣れた俺には大樹君は遅すぎる	1	
スマホからネットワークプリントっちゅーのやってみた。最寄りのコンビニでできるのも、スマホを得体の知れないデバイスに繋がなくてよいのも素晴らしい。セブン以外の複合機はシャープなのね。複数コンビニで出せるのも便利。	1	
このTwやはり秀逸!! 目の付けどころがSHARPです♪＞RT	1	
ＬＴＥで240Hが640Hとかもだけどバッテリー容量が全然違いすぎる・・・なんだよエクスペリアの新しいの3100mAhもあるじゃん・・・ジョジョスマホ2000mAhしかないんだよ・・・地獄だよ・・・！	1	
あ、シャープ火力上がったんだ	1	
僕がSH-12Cを買った理由は端末代金が945円（割賦なし）っていうすばらしさだったからですね	1	
AQUOS K (アクオス ケー)ケータイでは大容量の1,410mAhバッテリーを搭載。	1	
みんな疲れてきてるから集中力落ちてんのかケアレスミスがひっどいなーー？チェックする方は神経尖らせてて眉間にシワが、いてててそれはそうと、パナの目元エステがすげーいい感じ。健康に課金が必要です。安定したパフォーマンスにも課金が必要です。食って寝ても取れない疲れがある今日のこの頃	1	
WS011SHも投げ飛ばしたことあるけどこっちも大丈夫だった。たぶん実際は今のスマートフォンよりはずっと脆いと思うけど	1	
PS4あったらXperiaとリモートできるとか神やろメタルギアソリッド5やりたいなー	1	
パナソニックと東芝の試合、物凄い試合・・・  震えるような結末やな！こんな、試合をみせられるとな〜競技、種目、関係なく引き込まれる‼️  (*｀へ´*)	1	
SHARPのツイッター、ゆるいよねwwそこがいい。	1	
Xperiaに限った話なのかは知らないけどすごいよなSONYのアフターサポート	1	
なんと、1年以上使っているシャープのスマホだが、フォントマネージャーなるものがあって、簡単にOSフォント変更できるとは知らなかった。が、どこから呼び出すんだこのアプリ・・・	1	
パナソニックの商品全般に言えることだが、ユーザーインターフェイスが非常にこなれていて使いやすい印象がある(;´Д`) スペックと先進機能のソニー、マニアックな東芝、デザインがダサい日立、可もなく不可もないシャープ、使い勝手のパナソニックっていうのが漏れの家電メーカーイメージだな。	1	
いまのスマホに換えて、はじめて緊急地震速報のアラームが鳴動した。すると、通常は充電量20％を切ると出てくる「エコ技設定のすすめ」の告知がすぐさま現れた。なるほど、被災したとしたら緊急連絡や情報収集で残りの充電量は大切にしないとマズいものな。目のつけどころがシャープじゃないか。	1	
力強い音が心地良い。大五郎(ルンバ)が荒れ果てた荒野(リビングのみ)をオアシス(雑多なゴミ拾い)に変えてくれてる音。	1	
まだ手元のXperia2年経ってないけど、「唯ちゃんのハローコール」ハイレゾ配信してくれるなら買う！	1	
ルンバみたいなロボット掃除機買ったんだけど、これめっちゃ捗るな。わずらわしい掃除の時間から解放されるのは非常にありがたい。	1	
ガラケーだが945SHはスマホっぽく使えることを今更知った。練習する	1	
両親のスマホがAQUOSなおかげで画面見なくても説明できるわー	1	
セブンでプリント後5円コピー機で量産しましたがそこまで劣化なくてよかった	1	
SH-07Dを完全レギュラー復活させる。ウォルフソン製アンプICの良さ再認識。そして赤外線リモコンがやっぱり地味に便利。あと、SDカード書き込みや電池パック交換とか、この世代のスペックが以降全て改悪されてるとシミジミ実感。	1	
パナソニックのみなさんおもしろかった	1	
だいじょーぶだいじょーぶ、世の中にはコピ本っていう、コンビニのコピー機で作れるものがありまして。 あと頒布は、信頼できるひとに委託をお願いするとか。	1	
とりまセブン行って十四松とトド松のキャラマイドプリントしたい(´｡･v･｡｀)	1	
PanasonicのGH2を35000でレンズ付きでぽちった。バリアングル液晶があって、動画がきれいに撮れる。	1	
☆アクオスクリスタル３０５ＳＨ☆透き通る一体感、未来へつなぐ。クリスタルディスプレイ＆サウンド♪今ならワイヤレススピーカーを同梱(*´ｰ`*)💕音楽データを復元し高音質なサウンド！	1	
ふーんシャープ本社売却か…なんとなく家電はシャープ買いたくなるんだよな。引っ越す時も掃除機と炊飯器と電子レンジをシャープで揃えた。	1	
最近コンビニのコピー機に革命が起きてるのよね。そのうちの楽譜プリントに釘付けなのですｗあれ凄くいい。古い曲もある。個人的にバンドスコアじゃなくても構わないからコードだけわかって良いよ♪	1	
SoftBank、実はあと一月残ってたため、解約手数料がかかったのだが、今月限定キャンペーン組み合わせてXPERIA本体代金実質ゼロにして、ハイレゾノイキャンのイヤホンも5千円引きで買えたー。	1	
8時ぴったりに天空のミラクルスター流れたからさすが私のXPERIA	1	
パナソニック優勝してた！笑三連覇すごっ！太田市は地元もっと推せよって思う。	1	
コンビニのコピー機でコピーしたものを、除光液でゴム版に転写するとすごく綺麗に写ります。これネットで調べた豆知識！感動するのでお試しあれです。	1	
2台目タブレットをコスパ考えてasusにするか、全部のスペック高いからお金は気にせずxperiaにするべきか	1	
全然話題にならないけどパナの100-400もコンパクトで良かった。換算800mmが手持ちで使えるとかしゅごい #cp+	1	
メール便発送ついでにセブンのハイキューコピーやってきた！！おもしろーい！あとハイキュウ聞いたら入荷しないっていわれた……(´；ω；`)他のとこにも問い合わせ してみるぅ……	1	
シャープが発表した新しい形態の携帯、ロボホン超可愛いよー！	1	
バッテリーを新品交換したiPhone 4を通話専用で使い出した。バッテリーは１日10%程度の減少。シャープのガラケーは週二回充してたけど、それより電池の持ちが良かったりして。	1	
これで俺もiPhone6勢だああああああああああああああ	1	
nikon1 J5のwebサイトの動画サンプル？見て、やっぱ動画はPanasonicが一番強いなって思いました…。nikonのカメラはどれも動画ってなると弱いなぁ。	1	
パナソニック、自宅でムダ毛ケアができる「光エステ」。らしい	1	
セブンイレブンからのL版写真プリントなります（１枚３０円）。伯爵家女中伝を購入されたかたはぜひ巻末のリンクから感想・アンケートページに飛んでみてください。そこで印刷手続きについて説明しています。すっごい印刷品質良いですよ！	1	
シャープの熱転写インクリボンワープロ捨てなきゃよかったと10年前までたまに思ってた。半紙に印刷したり金文字印刷したりできた(主に同人誌の装丁用途ともいう)	1	
でも HD接続でしか出来ない全画面タックルホァイは楽しかった AQUOS  ありがとう	1	
メルストのファミマプリントやってきた！想像以上にかわいくてテンション上がった……	1	
あの日産の椅子って充電どうするんだろ‥ルンバみたいに自動でやってくれたら楽なんだろうけど	1	
仕事用の携帯を機種変するときに、店員さんに、アクオスフォンにするとオマケでスピーカがつきますよｗと言われてアクオスフォンを選んだ訳だが、オマケのはずのスピーカがアホみたいに上等でちょっと当惑している…(；´Д｀)	1	
SH10Bいいよね…docomoだから安SIM刺さるし…	1	
しかもXperiaやけどiPhoneのデータ移行できるとか神	1	
セブンイレブンのネットプリントでiPhoneの写真現像できるんだね〜	1	
電池持ち重視→シャープ又は富士通。単純にﾊﾞｯﾃﾘｰ容量がデカい。	1	
Xperia見て今日も帰ってきます	1	
よく説明書読んでなかったのが悪かったのだけど、TV　シャープのアクオスの6.7ぐらいの前のものです。USBハブが繋がり、ハードディスクが複数繋げることができ、便利になった。切り替えはしないといけないが。それでも、便利。	1	
確定申告終了。一箇所不明な点があったので、３パターン用意していった。そのうちの一つで良いことになり、１０分かからず終了。国税庁の計算ページを利用してPDFを印刷していけばあっという間。白黒でも良いからコンビニプリントで簡単、６０円しかかからない。	1	
オリンパスのボディでパナレンズ使うと、マジで色収差が盛大に出してくるな。RAW開いてびっくりした。OM-Dに7-14mmF4なんだけどおっそろしいわ。	1	
VHSの時代から録画機器はほとんどパナのやつなんだけど、あまりに長持ちしすぎるせいでワイ家の文明が遅れてしまうのが困ったところ。	1	
実は今日、職務経歴書をプリントするのを忘れた事に途中で気付いて無茶苦茶焦ったんですが。今は便利ですね。求職サイトのシステム上に登録してある職務経歴書をWord文書化出来る→ネットワークプリントでコンビニ出力…で、無事職務経歴書も訪問先に提出できました。スマホユーザーで良かった。	1	
パソコンで五線紙印刷してコンビニで拡大コピー	1	
iPhone 6 Plusのディスプレイは本当に画素の点が判別できない。401ppiだそうだ。前のガラケーSH002（326ppi、iPhone 5シリーズやiPhone 6と同じきめ細かさ）は辛うじて判別できた。	1	
ペッパーは静かにお茶持ってきたりルンバ搭載して掃除する機能搭載した方がいい	1	
やっぱ買うならシャープだよな～エモパーってのが最高にクール（ｽﾃﾏｯ	1	
iPhone6sさ既読つけやんとLINE見れるからいいかんじ。元からの機能長押ししたら見れちゃうやつ	1	
母がiPhone6sに買い換えたので、弟以外VoLTEに対応母曰く、ハンズフリー通話が凄くクリアだったとのこと普通に耳に当ててではないんかいw	1	
シャープのIGZO積んでいるから2年経ってもバッテリー電池は95％もあるんだって。こんなにいい技術があるんだからなんとかシャープ、立ち直ってほしいなぁ。	1	
2020年までシャープは存在しないんじゃないかとか流れてきたが、個人的には頑張ってほしい。6年ぶりに戻ってきたガラケーはシャープ製。良い端末作るじゃないか。メイドインジャパンも捨てたもんじゃないなとか思えたので。	1	
おはようございます((´∀｀))昨日免許証のコピーにコンビニ行ったら 10円で裏表コピーできる免許証用ってボタンがあって感動しました。裏表20円使ってました。ダサい。OLできない。	1	
おー！まさかとは思ってたけどAQUOS録画面の壁紙５枚設定できる...！三└(┐卍^o^)卍	1	
SH903iは僕がMNPする契機になった、とてもデザインが好みの機種なので今でも特徴はよくおぼえている。	1	
ルンバがこのままいけば10000で落札できそう	1	
なんとかバサラとか全然知らない私ですが、シャープさんのツイートを見ていると「筆頭ココロボ」なるものが欲しくなってくるのです…。ちょっと楽しそう…。＞RT	1	
ルンバつえーわ	1	
パナソニックの宣伝ツイート動画、感動するなあと思った。そして暖房のスイッチを押す。	1	
FMトランスミッターを搭載してるのはシャープと富士通の端末だけだそうな。結構電池消費が激しいので、シガーソケットから電源を取るのがいいのかもしれないというか、シガーソケットに挿すBTアダプタがあるのでそれを買っとけばいいんじゃなかろうか	1	
基本は毛の有無で、あとは外見に関係なくリアクションの問題かなぁ。ルンバ可愛いし(´･_･`)	1	
Xperia と Galaxy 戻るボタンとタスクボタンが真逆。まだ、間違える。S6の大きさにも一日で慣れた。ホームボタン、ダブルクリックでパッと立ち上がるカメラは便利だ。シャッターチャンスを逃さない。心配した電池の持ちも何とか持つ様な気配。	1	
pocket wifiでiPhone6のデータ通信始めてからiPhoneのバッテリーがあからさまに長時間持つようになったiPhoneと電波の送受信元が物理的に近い程iPhoneのバッテリー消費量が少なくなるらしい	1	
ついにゴミ中のゴミ、P-01D（３G）から４Gに乗り換えちゃうよ時代を先どっちゃうよ（遅い）ただ、エクスペリアがなくてサムチョンに・・・本体代6000円でポイント使ってゼロ円だし、新型エクスペリア出たらそっこー機種変するまでの繋ぎだかんな！！！	1	
So-netもMVNO事業者として格安SIMを販売しているんだから、XperiaをSIMとセット販売すればいいのに。	1	
予算は二の次にして、７インチぐらいの小型タブレットでAndroidとかなら購入におすすめとなるとやっぱりxperia tabletとかかなぁ・・・	1	
アイオーン様の誕生日を祝うとは、SHARPさん目の付け所がシャープだねぇ	1	
今のXPERIA下取りしてくれるのね。ふんふん。前のXPERIAも下取りしてくれないかなwww	1	
Amazonレビューで割と高得点のカメラ会界のチョイノリことSTYLUS SH60ちゃん	1	
個人的にはパナは英断だと思うよ。負けずに頑張ってほしい。	1	
やっぱりSoftbankのiPhone6でSonetの0simが使える #iphonejp	1	
家の近くにコンビニあってよかった、コピーできたできた♡	1	
買い物リストができた。ワードからPDFにした。売り子お願いする人の分と３部印刷して来よう。本当にセブン便利。	1	
スマフォは、もう電話機能以外は、ほとんど使わない予定なので、何か良い案はなかったかな。Z3はサイズが大きくなって嫌なので、電池が長持ちはどれ？とお姉さんに聞いて、シャープにしてみた。ピンクしか店に在庫がなかったので、他店から取寄せ。とにかく疲れた。	1	
証明写真アプリで写真とって、ネットプリント予約してセブン行って、三十円払うと四枚の証明写真ゲーット‼スマホのカメラの性能上がってるから出来ることだよな。仕上がりはまぁまぁ。派遣登録しに行くだけだから、これで充分♥	1	
今の携帯シャープさん製でとても使い易いお気に入りなのだけど、機体のあちこちがハゲたり取れたりで、TLの面白そうなRT画像が見えないものも多いので、機種変を考えてはいたから…ここいらでスマホに…行くか…	1	
よし決めた来月アクオスの買おう	1	
今日はスマホ壊れて精神的に疲れましたでもアクオスフォン買ったら大きいスピーカー無料でついてました😃絵文字もカラーになって嬉しいです😸明日も24時間勤務頑張ります！皆様も楽しい日となります様におやすみなさい😪💤💤	1	
iPhoneが発売された時に換えなかったのは，通話品質と電波の差だった。auの方が電話としては使いやすかった。スマフォに換えたら，auからiPhoneが発売された。次のスマフォをiPhoneにしようと思ったら，auのLTEにトラブル発生。IGZO液晶に惹かれてまたシャープにした。	1	
てかーこんな祝ってもらったこと初めてやわ！ココロボもおめでとうゆうてくれた！	1	
てかワイケータイ（SH-02F）よりもぐんじケータイ（SH-02E）の方が画面でかくてデレステしやすいマジック	1	
SHARPのSIMフリースマホ、FeliCa載ってんのいいなー。SONYももっと出してくれないかなー。	1	
Xperia J1 Compact でモバイル Suica 使えるようになるのか…。キャリア機以外はモバイル Suica に対応しないだろうと思って海外版の Xperia Z3 Compact にしたけど、正直 J1 Compact でも必要十分だったからなー	1	
月曜朝に充電器から外して通話はそれぞれ1回で、電池残りが、ガラケー004SHが64%、PHSアドエスが60%。アドエスは使い始めてから7年経つけど電池パックすら交換していない優秀な子	1	
携帯電話機種変更したの、実に約3年振りぐらいになりますが、携帯電話の進化は凄い…いや、しゅごい…IGZO携帯の電池もちハンパねぇー。しかもタッチの反応も良い。5GB契約したが、前のSH-01Dんときは良くて3GBくらいしか使ってなかったみたいだからな。	1	
ルンバの語感の良さは異常	1	
0simの音声プランと相性がいいのは間違いなくDOCOMOのSHARPガラホ。通信自体少ないし、ネットは画面が小さくあまり見ない、LINEもたいした容量消費しない、bluetoothテザリング(子機として)も使える、楽天でんわ使えば30秒10円。500MBもあれば充分足りる	1	
今日やる事はセブンで6つ子のブロマイドプリントするのとハイキューＴカードを作る( ^ω^ )	1	
シャープたのしいやさしいわぁ	1	
でもアクオスのスーパースローカメラも興味深かった。	1	
Simejiキーボードに右寄せモードが搭載されてiPhone6 plusの文字入力が超快適になった。	1	
名刺コンビニでプリントしました！切るの大変だったけど……無事完成！ありがとうございましたｍ(__)ｍ	1	
ISW16SHを初期化して、フル充電して放置してるんだけど、6日経過してもバッテリー75%残ってるからスマホバッテリーって結構もつのか……と認識変わった。電波探したり、画面点灯させるのでバッテリー食うだけなんかね。	1	
生まれて初めて触ったデジカメがマビカ。今回購入した最新のデジカメがXPERIA Z5 Premium。僕のカメラライフは、一回りして原点に戻った。この進化に、感無量！	1	
ドコモ？Xperia？は♡が6色あるから嬉しい❤💙💚💜💛💗ピンクだけちょっと違うのは、トド松が女子力が高くスタバァでヒエラルキー昇格したからだよ。	1	
電車の中で楽譜を探し、コンビニでプリントして帰宅。お家でDLして印刷するよりよっぽど楽だと気づいた。まぁ休日は引きこもりだからお家でやるけど。	1	
確定申告してねぇーってお葉書が税務署から先週来てて、コンビニプリントにも対応したぜ！って書いてあった。ネットで作ってプリントして郵送する派なので有り難い	1	
スマホのキーボード。シャープが一番よかったわ…今のゴミ過ぎて文字うつのすらだるい	1	
パナのビストロのCMいい感じ	1	
愛してルンバルンバって凄くね？ルンバマジぱねぇ。一人暮らししてたらペットとして使えるんだぜ？？マジぱねぇ。掃除すっげー頑張ってくれるしよ！！ぱねぇわー。マジでぱねぇ。まぁ、ルンバ持ってないし一人暮らしじゃないけど。	1	
携帯の調子があまりよくないなぁ；；）来月中にスマホに買い替えるかな。　デザインはXperiaの白がいいなぁっておもうけど、香菜ちゃんがCMしてるAQUOSに惹かれる＊＊	1	
もう！みんなルンバにしなさい！エサもいらない！つい目で追っちゃう！かわいい！	1	
今日は5日ぶりによしきに会って、やっと携帯auにしてよしきと家族割にできた😭😭新しい携帯最高。高２の４月からずっと同じのつかっとったから最高。軽いし小さい(;_;)ＡＱＵＯＳせりあみに。んでびくどいてきた～。やっぱよしきとごはん食べるのがいちばん。	1	
JUMPさんのをセブンに探しに行くよりプリントしたほうが色んな種類つくれるし早いわなwwwwww	1	
コンビニ10分で行けるけどまた10分かけて戻ってきて提出して帰れるとか長谷部いない限りアホだ。でもコンビニ行きたいプリントアウトしたい	1	
車にノートパソコンを持ち込めば、役所に出す書類に不備が有っても、いちいち帰宅しなくても車の中で修正してコンビニでプリントできるぞ。	1	
パナソが同性婚を...良いね	1	
シャープが例えば民事再生になって経営陣が変わってもシャープのデザイン性はそのままがいいな〜リンゴみたいになったらやだなぁ…	1	
Xperiaの充電ケーブル引き続き使えてよかった	1	
#Xperia A2のバッテリーがいかれたんでGXひっぱりだしてきてるんだけど、この軽さと画面＆文字の大きさが素晴らしすぎるので、このままCPUとメモリを上げた端末出してくださいSONYさん。もしくは有料で良いんでどうにか換装できまさんかね？	1	
ルンバ並みの可愛さを感じる	1	
iPhone6に変えたんやけどあんすたの動きがとっても優雅になって綺麗な絵になって泣ける…	1	
妹がiPhoneからXperiaに変えたのを見てたらXperia欲しくなった	1	
シャープ↑+5.2%	1	
2年間使ってきたXperia z1からiPhone6sに機種変更。一回り小さくなって片手で持ちやすくなった！！	1	
父から電話ありー免許証のコピー欲しいっていうので、ファックスでいいの？って聞いたら「でも大変だろ？」って。確かに打ちには電話がない（電話番号はあるｗ）けども！コンビニって便利だよなーしかし、ファックス買わないといけないかもな。	1	
シャープのはなざーさんシリーズ、俺ら狙い撃ちであざと過ぎるけど好き	1	
XperiaをAndroid5.0にしたら割といい感じなので、iPhone6もいい加減OSアップデートしようかなー。	1	
自分で撮ったスタバラテの写真が思ったより綺麗で、Xperia Z1よりカメラ劣ってるという認識を改めた	1	
やーめた。Xperia Z5 Premium待と♪世界初4Kディスプレイの響きが頭から離れない	1	
指紋認証は早速設定したけど、認識が早い。 #Xperiaアンバサダー	1	
何だかんだで、シャープのスマホに標準搭載されてるIMEのフィーリングがうちに合ってて、シャープばかり使ってる( ￣▽￣) Lumiaもうごきいいんだけどね🎵	1	
２５日の建設の業種別一位、ダメダメ（だった）パナソニックの２５~２６日と連日の戻り高値。循環物色の流れ、太くはないもののあるにはある。引き続きダメダメ外需の売りタイミングを計るが、急がないつもり。いつ何時戻り遅れに買いの手が入るやも分からん。戻り一杯をしっかりと感じるまで待つ。	1	
僕のスマホのホモ機能、もといエモパーもシャープさんだもんね。流石っす！！！	1	
ﾙﾝﾊﾞを飼おう	1	
恋する。恋してる。って言うdocomoのiPhone６のＣＭすげーいいと思う	1	
シャープ↑+7.6%、前場から動いてたけど。	1	
スマホサイドメリット・パネル直接タッチではないため画面が指紋で汚れにくい・カーソル操作でアイコンが指で隠れないため、画面の視認性が向上・テザリング対応でAQUOS Kとスマホ2台持ち時のタブレットへのAPとしてのバッテリー的な可用性が向上（SIM差し替えで回線的には1本に）	1	
携帯落としたら上ガラス割れてその部分反応しなくなった。オンラインで補償お届けサービス手続きしたら在庫なしで最新モデルから選べってのでまたSHに。この電池持ちから離れられない。	1	
今日は携帯とタブレットを一気に変えたため設定が鬼ウザイ！それにしても月2500円upでタブレット使えるのは何気にいい。Xperia Ｚ2が二年縛りではあるがキャンペーンで無料になってラッキーだった。	1	
と思ったら今夜は一人だったwiPhone6の128GBの無駄な容量をフル活用すると気がきたw直取りキツイっすw	1	
あとセブンで薬研くんだけプリントしてみたけど、綺麗	1	
パナソニックが同性婚認めるんや！おぉぉぉぉぉ……！！(歓喜)	1	
SH-02G触ったけどスマホピアスで表示されるキャラクターのアニメーションがフルHDで細やかだなぁと思った。（専用だけでないけど）アナ雪コンテンツは多いのでアナ雪スマホと言えるレベルかと。	1	
みんな…いまセブンイレブンでネットプリントするとみんなの内番絵柄のブロマイドが150円で貰えるんだよ…	1	
電車乗ってたら、横の人がAQUOS Pad(SH-08E)使ってるのをチラ見してたが、横回転するとnexus7同様 ちゃんとホーム･ボタンキーも横に回転してくれるんやな(´▽｀)   あまり画面 横向きにした時、同時にホームボタン部分も回転するタブレット少ないもんなぁ...	1	
